# HSK 3.0 levels 1-3. Source: github.com/drkameleon/complete-hsk-vocabulary (MIT); meanings from CC-CEDICT.
爱	1	ài	to love; to be fond of; to like; affection; to be inclined (to do sth); to tend to (happen)	130
爱好	1	ài hào	to like; to be fond of; to take pleasure in; to be keen on; interest; hobby	4902
八	1	bā	eight; 8	1362
爸	1	bà	father; dad; pa	1142
爸爸	1	bà ba	(coll.) father; dad	908
吧	1	bā	bar (loanword) (serving drinks, or providing Internet access etc); to puff (on a pipe etc); (onom.) bang	58
白	1	Bái	surname Bai	930
白天	1	bái tiān	daytime; during the day; day	3645
百	1	Bǎi	surname Bai	2455
班	1	Bān	surname Ban	1238
半	1	bàn	half; semi-; incomplete	727
半年	1	bàn nián	half a year	37795
半天	1	bàn tiān	half of the day; a long time; quite a while	7467
帮	1	bāng	old variant of 帮	395
帮忙	1	bāng máng	to help; to lend a hand; to do a favor	1860
包	1	Bāo	surname Bao	755
包子	1	bāo zi	bao (steamed stuffed bun)	16315
杯	1	bēi	cup; trophy cup; classifier for certain containers of liquids: glass, cup	684
杯子	1	bēi zi	cup; glass	6162
北	1	běi	north; (classical) to be defeated	1835
北边	1	běi biān	north; north side; northern part	17637
北京	1	Běi jīng	Beijing, capital of the People's Republic of China	4799
本	1	běn	root; stem; origin	222
本子	1	běn zi	book; notebook; Japanese-style self-published comic (esp. an erotic one), aka "dōjinshi"	12849
比	1	Bǐ	Belgium; Belgian; abbr. for 比利时	155
别	1	Bié	surname Bie	214
别的	1	bié de	else; other	543
别人	1	bié ren	other people; others; other person	397
病	1	bìng	illness; disease; to fall ill	827
病人	1	bìng rén	sick person; patient; invalid	1209
不	1	bù	no; not so; (bound form) not; un-	9
不大	1	bù dà	not very; not too; not often	4915
不对	1	bù duì	incorrect; wrong; amiss	2598
不客气	1	bù kè qi	you're welcome; don't mention it; impolite	16723
不用	1	bù yòng	need not	1013
菜	1	cài	dish (type of food); vegetable; cuisine	1448
茶	1	chá	tea; tea plant	1910
差	1	chā	difference; discrepancy; (math.) difference (amount remaining after a subtraction); (literary) a little; somewhat; slightly	968
常	1	Cháng	surname Chang	1057
常常	1	cháng cháng	frequently; often	2773
唱	1	chàng	to sing; to call loudly; to chant	813
唱歌	1	chàng gē	to sing a song	2876
车	1	Chē	surname Che	186
车票	1	chē piào	ticket (for a bus or train)	7701
车上	1	chē shàng	Car	1997
车站	1	chē zhàn	rail station; bus stop	4480
吃	1	chī	to eat; to consume; to eat at (a cafeteria etc); to eradicate; to destroy	142
吃饭	1	chī fàn	to have a meal; to eat; to make a living	1415
出	1	chū	to go out; to come out; to occur	85
出来	1	chū lái	to come out; to appear; to arise	254
出去	1	chū qù	to go out	784
穿	1	chuān	to wear; to put on; to dress	430
床	1	chuáng	bed; couch; classifier for beds	961
次	1	cì	next in sequence; second; the second (day, time etc)	99
从	1	cóng	variant of 从	70
错	1	Cuò	surname Cuo	531
打	1	dá	dozen (loanword)	153
打车	1	dǎ chē	to take a taxi (in town); to hitch a lift	15698
打电话	1	dǎ diàn huà	to make a telephone call	1218
打开	1	dǎ kāi	to open; to show (a ticket); to turn on	1199
打球	1	dǎ qiú	to play ball; to play with a ball	5476
大	1	dà	big; large; great; older (than another person); eldest (as in 姐)	66
大学	1	Dà xué	the Great Learning, one of the Four Books 四书 in Confucianism	814
大学生	1	dà xué shēng	university student; college student	4422
到	1	dào	to reach; to arrive; to leave for; to go to; to (a place); until (a time); up to (a point)	29
地	1	de	-ly; structural particle: used before a verb or adjective, linking it to preceding modifying adverbial adjunct	132
地点	1	dì diǎn	place; site; location	1921
地方	1	dì fāng	region; regional (away from the central administration); local	254
地上	1	dì shang	on the ground; on the floor	2185
地图	1	dì tú	map	3548
的	1	de	of; ~'s (possessive particle); (used after an attribute); (used to form a nominal expression)	1
得到	1	dé dào	to get; to obtain; to receive	308
等	1	děng	class; rank; grade	83
弟	1	dì	younger brother; junior male; I (modest word in letter)	6568
弟弟	1	dì di	younger brother	2424
第	1	dì	(prefix indicating ordinal number, as in 六 "sixth"); (literary) grades in which successful candidates in the imperial examinations were placed; (old) residence of a high official	962
第二	1	dì èr	second; number two; next	527
点	1	diǎn	point; dot; drop	58
电	1	diàn	lightning; electricity; electric (bound form)	1027
电话	1	diàn huà	telephone; phone call; phone number	359
电脑	1	diàn nǎo	computer	946
电视	1	diàn shì	television; TV	779
电视机	1	diàn shì jī	television set	6649
电影	1	diàn yǐng	movie; film	546
电影院	1	diàn yǐng yuàn	cinema; movie theater	7945
东	1	Dōng	surname Dong	1509
东边	1	dōng bian	east; east side; eastern part	16314
东西	1	dōng xī	east and west	226
动	1	dòng	(of sth) to move; to set in movement; to displace	588
动作	1	dòng zuò	movement; motion; action; to act; to move	1418
都	1	Dū	surname Du	25
读	1	dòu	comma; phrase marked by pause	1013
读书	1	dú shū	to read a book; to study; to attend school	3285
对	1	duì	right; correct; towards; at; for; concerning; regarding	28
对不起	1	duì bu qǐ	I'm sorry; excuse me; I beg your pardon; to let (sb) down; to disappoint	1577
多	1	duō	many; much; too many; in excess; (after a numeral) ... odd	80
多少	1	duō shǎo	number; amount; somewhat	526
饿	1	è	to be hungry; hungry; to starve (sb)	1477
儿子	1	ér zi	son	665
二	1	èr	two; 2; (Beijing dialect) stupid	664
饭	1	fàn	cooked rice; meal; (loanword) fan	1529
饭店	1	fàn diàn	restaurant; hotel	3998
房间	1	fáng jiān	room	1357
房子	1	fáng zi	house; building (single- or two-story); apartment	1027
放	1	fàng	to put; to place; to release	280
放假	1	fàng jià	to have a holiday or vacation	6177
放学	1	fàng xué	to dismiss students at the end of the school day	7209
飞	1	fēi	to fly	779
飞机	1	fēi jī	airplane	1067
非常	1	fēi cháng	very; really; unusual; extraordinary	194
分	1	fēn	to divide; to separate; to distribute; to allocate; to distinguish (good and bad)	372
风	1	fēng	wind; news; style	1150
干	1	gān	old variant of 干	463
干净	1	gān jìng	clean; neat	2430
干什么	1	gàn shén me	what are you doing?; what's he up to?	2714
高	1	Gāo	surname Gao	290
高兴	1	gāo xìng	happy; glad; willing (to do sth)	920
告诉	1	gào sù	to press charges; to file a complaint	252
哥	1	gē	elder brother	1132
哥哥	1	gē ge	older brother	1655
歌	1	gē	song; to sing	702
个	1	gě	used in 自个儿	19
给	1	gěi	to; for; for the benefit of	46
跟	1	gēn	heel; to follow closely; to go with	135
工人	1	gōng rén	worker	2405
工作	1	gōng zuò	to work; (of a machine) to operate; job	111
关	1	Guān	surname Guan	1129
关上	1	guān shàng	to close (a door); to turn off (light, electrical equipment etc)	7234
贵	1	guì	expensive; noble; precious	2239
国	1	Guó	surname Guo	1527
国家	1	guó jiā	country; nation; state	356
国外	1	guó wài	abroad; external (affairs); overseas	3896
过	1	Guō	surname Guo	60
还	1	Huán	surname Huan	37
还是	1	hái shi	still (as before); had better; unexpectedly	160
还有	1	hái yǒu	furthermore; in addition; still	153
孩子	1	hái zi	child	207
汉语	1	Hàn yǔ	Chinese language	13422
汉字	1	hàn zì	Chinese character; Japanese: kanji; Korean: hanja	19725
好	1	hǎo	good; appropriate; proper; all right!	20
好吃	1	hǎo chī	tasty; delicious	2484
好看	1	hǎo kàn	good-looking; nice-looking; good (of a movie, book, TV show etc)	1877
好听	1	hǎo tīng	pleasant to hear	4355
好玩儿	1	hǎo wán r	erhua variant of 好玩; amusing; fun	23411
号	1	háo	roar; cry	278
喝	1	hē	to drink; variant of 嗬	428
和	1	hé	old variant of 和	19
很	1	hěn	(adverb of degree); quite; very	35
后	1	Hòu	surname Hou	115
后边	1	hòu bian	the back; the rear; the last bit; behind; near the end; at the back; later; afterwards	14477
后天	1	hòu tiān	the day after tomorrow; life after birth (the period in which one develops through experiences, contrasted with 天); acquired (not innate or congenital)	9407
花	1	Huā	surname Hua	435
话	1	huà	dialect; language; spoken words	157
坏	1	huài	bad; spoiled; broken	1239
回	1	huí	to circle; to go back; to turn around	225
回答	1	huí dá	to reply; to answer; reply; answer	1100
回到	1	huí dào	to return to	962
回家	1	huí jiā	to return home	554
回来	1	huí lai	to return; to come back	480
回去	1	huí qu	to return; to go back	1160
会	1	huì	can; to have the skill; to know how to; to be likely to; to be sure to; to meet; to get together	23
火车	1	huǒ chē	train	2791
机场	1	jī chǎng	airport; airfield; (slang) service provider for Shadowsocks or similar software for circumventing Internet censorship	2308
机票	1	jī piào	air ticket; passenger ticket	5209
鸡蛋	1	jī dàn	(chicken) egg; hen's egg	3501
几	1	jī	small table	178
记	1	jì	to record; to note; to memorize	1123
记得	1	jì de	to remember	699
记住	1	jì zhu	to remember; to bear in mind; to learn by heart	2266
家	1	jiā	used in 家伙 and 家俱	124
家里	1	jiā lǐ	home	973
家人	1	jiā rén	family member; (old) servant	1562
间	1	jiān	between; among; within a definite time or space	546
见	1	jiàn	to see; to meet; to appear (to be sth)	178
见面	1	jiàn miàn	to meet; to see each other	1876
叫	1	jiào	to shout; to call; to order	200
教	1	Jiào	surname Jiao	988
教学楼	1	jiào xué lóu	teaching block; school building	29517
介绍	1	jiè shào	to introduce (sb to sb); to give a presentation; to present (sb for a job etc)	779
姐	1	jiě	older sister	3576
姐姐	1	jiě jie	older sister	1513
今年	1	jīn nián	this year	851
今天	1	jīn tiān	today; at the present; now	155
进	1	jìn	to go forward; to advance; to go in	338
进来	1	jìn lái	to come in	1870
进去	1	jìn qù	to go in	1624
九	1	jiǔ	nine; 9	2040
就	1	jiù	(after a suppositional clause) in that case; then; (after a clause of action) as soon as; immediately after; (same as 是) merely; nothing else but; simply; just; precisely; exactly	15
觉得	1	jué de	to think that ...; to feel that ...; to feel (uncomfortable etc)	161
开	1	kāi	to open (transitive or intransitive); (of ships, vehicles, troops etc) to start; to turn on; to put in operation; to operate; to run	195
开车	1	kāi chē	to drive a car	2670
开会	1	kāi huì	to hold a meeting; to attend a meeting	4398
开玩笑	1	kāi wán xiào	to play a joke; to make fun of; to joke	3878
看	1	kān	to look after; to take care of; to watch	52
看病	1	kàn bìng	to visit a doctor; to see a patient	7705
看到	1	kàn dào	to see	169
看见	1	kàn jiàn	to see; to catch sight of	870
考	1	kǎo	to beat; to hit; variant of 考	2030
考试	1	kǎo shì	to take an exam; exam	1718
渴	1	kě	thirsty	9442
课	1	kè	subject; course; class	1517
课本	1	kè běn	textbook	13062
课文	1	kè wén	text	30576
口	1	kǒu	mouth; classifier for things with mouths (people, domestic animals, cannons, wells etc); classifier for bites or mouthfuls	637
块	1	kuài	lump; chunk; piece; classifier for pieces of cloth, cake, soap etc; (coll.) classifier for money and currency units	483
快	1	kuài	rapid; quick; speed	153
来	1	lái	to come; (used as a substitute for a more specific verb); hither (directional complement for motion toward the speaker, as in 回来)	31
来到	1	lái dào	to arrive; to come	943
老	1	lǎo	prefix used before the surname of a person or a numeral indicating the order of birth of the children in a family or to indicate affection or familiarity; old (of people); venerable (person)	266
老人	1	lǎo rén	old man or woman; the elderly; one's aged parents or grandparents	2395
老师	1	lǎo shī	teacher	799
了	1	le	(completed action marker); (modal particle indicating change of state, situation now); (modal particle intensifying preceding clause)	3
累	1	lěi	to accumulate; to involve or implicate (Taiwan pr. [lèi]); continuous	1197
冷	1	Lěng	surname Leng	1027
里	1	lǐ	variant of 里	75
里边	1	lǐ bian	inside	10810
两	1	liǎng	two; both; some	81
零	1	líng	zero; nought; zero sign	3623
六	1	liù	six; 6	802
楼	1	Lóu	surname Lou	765
楼上	1	lóu shàng	upstairs; (Internet slang) previous poster in a forum thread	5267
楼下	1	lóu xià	downstairs	4135
路	1	Lù	surname Lu	409
路口	1	lù kǒu	crossing; intersection (of roads)	6184
路上	1	lù shang	on the road; on a journey; road surface	1669
妈	1	mā	ma; mom; mother	517
妈妈	1	mā ma	mama; mommy; mother	527
马路	1	mǎ lù	street; road	5119
马上	1	mǎ shàng	at once; right away; immediately	847
吗	1	má	(coll.) what?	83
买	1	mǎi	to buy; to purchase	240
慢	1	màn	slow	1770
忙	1	máng	busy; hurriedly; to hurry	859
毛	1	Máo	surname Mao	1319
没	1	méi	(negative prefix for verbs) have not; not	63
没关系	1	méi guān xi	it doesn't matter	3541
没什么	1	méi shén me	nothing; it doesn't matter; it's nothing	1659
没事儿	1	méi shì r	to have spare time; free from work; it's not important	11421
没有	1	méi yǒu	haven't; hasn't; doesn't exist	46
妹	1	mèi	younger sister	2496
妹妹	1	mèi mei	younger sister; young woman	2093
门	1	Mén	surname Men	422
门口	1	mén kǒu	doorway; gate	2762
门票	1	mén piào	ticket (for theater, cinema etc)	5140
们	1	men	plural marker for pronouns, and nouns referring to individuals	457
米饭	1	mǐ fàn	(cooked) rice	10194
面包	1	miàn bāo	bread	4138
面条儿	1	miàn tiáo r	erhua variant of 面条; noodles	1000000
名字	1	míng zi	name (of a person or thing)	829
明白	1	míng bai	clear; obvious; unequivocal	676
明年	1	míng nián	next year	2487
明天	1	míng tiān	tomorrow	469
拿	1	ná	old variant of 拿	287
哪	1	nǎ	how; which	547
哪儿	1	nǎ r	where?; wherever; anywhere; somewhere; (used in rhetorical questions) how can ...?; how could ...?	2534
哪里	1	nǎ lǐ	where?; somewhere; anywhere	750
哪些	1	nǎ xiē	which ones?; who?; what?	3741
那	1	Nā	surname Na	48
那边	1	nà bian	over there; yonder	2415
那儿	1	nà r	there	3421
那里	1	nà li	there; that place	770
那些	1	nà xiē	those	326
奶	1	nǎi	breast; milk; to breastfeed	2758
奶奶	1	nǎi nai	(informal) grandma (paternal grandmother); (respectful) mistress of the house; (coll.) boobies	2809
男	1	nán	male; Baron, lowest of five orders of nobility 位	587
男孩儿	1	nán hái r	erhua variant of 男孩; boy	1000000
男朋友	1	nán péng you	boyfriend	3176
男人	1	nán rén	a man; a male; men	415
男生	1	nán shēng	schoolboy; male student; boy	2784
南	1	Nán	surname Nan	1709
南边	1	nán bian	south; south side; southern part	17587
难	1	nán	difficult (to...); problem; difficulty	544
呢	1	ne	particle indicating that a previously asked question is to be applied to the preceding word ("What about ...?", "And ...?"); particle for inquiring about location ("Where is ...?"); particle signaling a pause, to emphasize the preceding words and allow the listener time to take them on board ("ok?", "are you with me?")	96
能	1	Néng	surname Neng	46
你	1	nǐ	you (informal, as opposed to courteous 您)	5
你们	1	nǐ men	you (plural)	127
年	1	Nián	surname Nian	79
您	1	nín	you (courteous, as opposed to informal 你)	357
牛奶	1	niú nǎi	cow's milk	2986
女	1	nǚ	female; woman; daughter	368
女儿	1	nǚ ér	daughter	879
女孩儿	1	nǚ hái r	erhua variant of 女孩; girl	18271
女朋友	1	nǚ péng you	girlfriend	3004
女人	1	nǚ rén	woman	383
女生	1	nǚ shēng	schoolgirl; female student; girl	1894
旁边	1	páng biān	side; adjacent place	1815
跑	1	páo	(of an animal) to paw (the ground)	553
朋友	1	péng you	friend	280
票	1	piào	ticket; ballot; banknote	956
七	1	qī	seven; 7	1419
起	1	qǐ	to rise; to raise; to get up	174
起床	1	qǐ chuáng	to get out of bed; to get up	2645
起来	1	qǐ lai	to stand up; to get up; also pr. [qǐ lái]	172
汽车	1	qì chē	car; automobile; bus	898
前	1	qián	front; forward; ahead	127
前边	1	qián bian	front; the front side; in front of	25408
前天	1	qián tiān	the day before yesterday	8117
钱	1	Qián	surname Qian	218
钱包	1	qián bāo	purse; wallet	4411
请	1	qǐng	to ask; to invite; please (do sth)	216
请假	1	qǐng jià	to request leave of absence	10134
请进	1	qǐng jìn	"please come in"	21213
请问	1	qǐng wèn	Excuse me, may I ask...?	3689
请坐	1	qǐng zuò	please, have a seat	37277
球	1	qiú	ball; sphere; globe	518
去	1	qù	to go; to go to (a place); (of a time etc) last	38
去年	1	qù nián	last year	933
热	1	rè	to warm up; to heat up; hot (of weather)	938
人	1	rén	person; people	19
认识	1	rèn shi	to know; to recognize; to be familiar with	463
认真	1	rèn zhēn	conscientious; earnest; serious	1020
日	1	Rì	abbr. for 本, Japan	395
日期	1	rì qī	date	3928
肉	1	ròu	meat; flesh; pulp (of a fruit)	1215
三	1	Sān	surname San	233
山	1	Shān	surname Shan	1030
商场	1	shāng chǎng	shopping mall; shopping center; department store	4093
商店	1	shāng diàn	store; shop	3479
上	1	shǎng	used in 上声	29
上班	1	shàng bān	to go to work; to be on duty; to start work	1495
上边	1	shàng bian	the top; above; overhead	14760
上车	1	shàng chē	to get on or into (a bus, train, car etc)	5091
上次	1	shàng cì	last time	2829
上课	1	shàng kè	to go to class; to attend class; to go to teach a class	3042
上网	1	shàng wǎng	to go online; to connect to the Internet; (of a document etc) to be uploaded to the Internet	4061
上午	1	shàng wǔ	morning	2188
上学	1	shàng xué	to go to school; to attend school	2965
少	1	shǎo	few; less; to lack	538
身上	1	shēn shang	on the body; at hand; among	460
身体	1	shēn tǐ	the body; one's health; in person	731
什么	1	shén me	what?; something; anything	55
生病	1	shēng bìng	to fall ill	4336
生气	1	shēng qì	to get angry; to take offense; angry	2113
生日	1	shēng rì	birthday	1506
十	1	shí	ten; 10	865
时候	1	shí hou	time; length of time; moment	107
时间	1	shí jiān	time; period	127
事	1	shì	matter; thing; item	113
试	1	shì	to test; to try; experiment	938
是	1	shì	to be (followed by substantives only); correct; right; true; (respectful acknowledgement of a command) very well	4
是不是	1	shì bù shì	is or isn't; yes or no; whether or not	2655
手	1	shǒu	hand; (formal) to hold; person engaged in certain types of work	190
手机	1	shǒu jī	cell phone; mobile phone	857
书	1	Shū	abbr. for 书经	560
书包	1	shū bāo	schoolbag; satchel; bookbag	11861
书店	1	shū diàn	bookstore	7174
树	1	shù	tree; to cultivate; to set up	1481
谁	1	shéi	who; also pr. [shuí]	142
水	1	Shuǐ	surname Shui	335
水果	1	shuǐ guǒ	fruit	3271
睡	1	shuì	to sleep; to lie down	464
睡觉	1	shuì jiào	to go to bed; to sleep	944
说	1	shuì	to persuade	19
说话	1	shuō huà	to speak; to say; to talk	880
四	1	sì	four; 4	481
送	1	sòng	to send; to deliver; to transmit; to give (as a present); to see (sb) off	370
岁	1	suì	variant of 岁, year; years old	266
他	1	tā	he; him (used for either sex when the sex is unknown or unimportant); (used before sb's name for emphasis); (used as a meaningless mock object)	10
他们	1	tā men	they	49
她	1	tā	she	38
她们	1	tā men	they; them (for females)	836
太	1	tài	highest; greatest; too (much)	87
天	1	tiān	day; sky; heaven	83
天气	1	tiān qì	weather	1675
听	1	yǐn	smile (archaic)	190
听到	1	tīng dào	to hear	877
听见	1	tīng jiàn	to hear	3114
听写	1	tīng xiě	(of a pupil) to write down (in a dictation exercise); dictation; (music) to transcribe by ear	44026
同学	1	tóng xué	to study at the same school; fellow student; classmate	1828
图书馆	1	tú shū guǎn	library	3836
外	1	wài	outside; in addition; foreign	489
外边	1	wài bian	outside; outer surface; abroad	12319
外国	1	wài guó	foreign (country)	4151
外语	1	wài yǔ	foreign language	11159
玩儿	1	wán r	to play; to have fun; to hang out	7297
晚	1	wǎn	evening; night; late	558
晚饭	1	wǎn fàn	evening meal; dinner; supper	3794
晚上	1	wǎn shang	evening; night; in the evening	502
网上	1	wǎng shàng	online	2474
网友	1	wǎng yǒu	online friend; Internet user	29751
忘	1	wàng	to forget; to overlook; to neglect	1015
忘记	1	wàng jì	to forget	1335
问	1	wèn	to ask; to inquire	246
我	1	wǒ	I; me; my	3
我们	1	wǒ men	we; us; ourselves	19
五	1	wǔ	five; 5	563
午饭	1	wǔ fàn	lunch	4986
洗	1	xǐ	to wash; to bathe; to develop (photographs); to shuffle (cards etc)	1298
洗手间	1	xǐ shǒu jiān	toilet; lavatory; washroom	9674
喜欢	1	xǐ huan	to like; to be fond of	139
西	1	Xī	the West; abbr. for Spain 牙; Spanish	958
西边	1	xī biān	west; west side; western part	14628
下	1	xià	down; downwards; below	70
下班	1	xià bān	to finish work; to get off work	3207
下边	1	xià bian	under; the underside; below	19063
下车	1	xià chē	to get off or out of (a bus, train, car etc)	6014
下次	1	xià cì	next time	2268
下课	1	xià kè	to finish class; to get out of class; (fig.) (esp. of a sports coach) to be dismissed	9694
下午	1	xià wǔ	afternoon; p.m.	782
下雨	1	xià yǔ	to rain	5648
先	1	xiān	early; prior; former	306
先生	1	xiān sheng	teacher; gentleman; sir; mister (Mr.); husband	586
现在	1	xiàn zài	now; at present; at the moment	77
想	1	xiǎng	to think (about); to think of; to devise; to think (that); to believe (that)	44
小	1	xiǎo	small; tiny; few	100
小孩儿	1	xiǎo hái r	erhua variant of 小孩; child	25607
小姐	1	xiǎo jie	young lady; miss; (slang) prostitute	1575
小朋友	1	xiǎo péng yǒu	child	4536
小时	1	xiǎo shí	hour	389
小学	1	xiǎo xué	elementary school; primary school	3819
小学生	1	xiǎo xué shēng	primary school student; schoolchild; (fig.) beginner	12165
笑	1	xiào	old variant of 笑	382
写	1	xiě	to write	352
谢谢	1	xiè xie	to thank; thanks; thank you	520
新	1	Xīn	abbr. for Xinjiang 疆 or Singapore 坡; surname Xin	150
新年	1	xīn nián	New Year	3160
星期	1	xīng qī	week; day of the week; Sunday	1956
星期日	1	Xīng qī rì	Sunday	12997
星期天	1	Xīng qī tiān	Sunday	7577
行	1	háng	row; line; commercial firm	272
休息	1	xiū xi	rest; to rest	1225
学	1	xué	to learn; to study; to imitate	524
学生	1	xué sheng	student; schoolchild	651
学习	1	xué xí	to learn; to study	789
学校	1	xué xiào	school	430
学院	1	xué yuàn	college; educational institute; school	2360
要	1	yāo	(bound form) to demand; to coerce	19
也	1	Yě	surname Ye	23
页	1	xié	head	2404
爷爷	1	yé ye	(coll.) father's father; paternal grandfather	3099
一	1	yī	one; single; a (article)	21
一半	1	yī bàn	half	1554
一边	1	yī biān	one side; either side; on the one hand	1241
一点儿	1	yī diǎn r	erhua variant of 一点; a bit; a little bit; (used in negative expressions) (not) the least bit	6921
一会儿	1	yī huì r	a moment; a while; in a moment	2207
一块儿	1	yī kuài r	erhua variant of 一块; a piece; a chunk; (coll.) one yuan; one dollar	11449
一起	1	yī qǐ	in the same place; together; with	172
一下儿	1	yī xià r	erhua variant of 一下; one time; once; all of sudden	1000000
一些	1	yī xiē	some; a few; a little	187
一样	1	yī yàng	same; like; equal to	235
衣服	1	yī fu	clothes	1472
医生	1	yī shēng	doctor	827
医院	1	yī yuàn	hospital	608
用	1	yòng	to use; to employ; to have to	79
有	1	yǒu	to have; there is; (bound form) having; with; -ful; -ed; -al (as in 意 intentional)	9
有的	1	yǒu de	(there are) some (who are...); some (exist)	1300
有名	1	yǒu míng	famous; well-known	6219
有时	1	yǒu shí	sometimes; now and then	1568
有时候	1	yǒu shí hou	sometimes	1725
有些	1	yǒu xiē	some; somewhat	394
有一些	1	yǒu yī xiē	somewhat; rather; some	1000000
有用	1	yǒu yòng	useful	4834
右	1	yòu	(bound form) right; right-hand side; (bound form) (politics) right of center; (bound form) (old) west	1481
右边	1	yòu bian	right side; right, to the right	2906
雨	1	yǔ	rain	1929
元	1	Yuán	surname Yuan; the Yuan or Mongol dynasty (1279-1368)	744
远	1	yuǎn	far; distant; remote	635
月	1	yuè	moon; month; monthly	161
再	1	zài	again; once more; re-; second; another; then (after sth, and not until then)	91
再见	1	zài jiàn	goodbye; see you again later	2487
在	1	zài	to exist; to be alive; (of sb or sth) to be (located) at; (used before a verb to indicate an action in progress)	5
在家	1	zài jiā	to be at home; (at a workplace) to be in (as opposed to being away on official business 差); (Buddhism etc) to remain a layman (as opposed to becoming a monk or a nun 家)	2444
早	1	zǎo	early; morning; Good morning!	445
早饭	1	zǎo fàn	breakfast	6748
早上	1	zǎo shang	early morning	1092
怎么	1	zěn me	how?; what?; why?	128
站	1	zhàn	station; to stand; to halt	399
找	1	zhǎo	to try to find; to look for; to call on sb	152
找到	1	zhǎo dào	to find	188
这	1	zhè	(pronoun) this; these; (bound form) this; the (followed by a noun); (bound form) this; these (followed by a classifier) (in this sense, commonly pr. [zhèi], esp. in Beijing)	11
这边	1	zhè biān	this side; here	2774
这儿	1	zhè r	here	2522
这里	1	zhè lǐ	variant of 这里	209
这些	1	zhè xiē	these	132
着	1	zhāo	(chess) move; trick; all right!	38
真	1	zhēn	really; truly; indeed	76
真的	1	zhēn de	really, truly, indeed	622
正	1	zhēng	first month of the lunar year	294
正在	1	zhèng zài	just at (that time); right in (that place); right in the middle of (doing sth)	420
知道	1	zhī dào	to know; to become aware of; also pr. [zhī dao]	105
知识	1	zhī shi	knowledge; intellectual	2284
中	1	Zhōng	China; Chinese; surname Zhong	71
中国	1	Zhōng guó	China	729
中间	1	zhōng jiān	the middle; the inside; in the middle; within; between; among; during; in the meantime	1889
中文	1	Zhōng wén	Chinese language	6459
中午	1	zhōng wǔ	noon; midday	2600
中学	1	zhōng xué	middle school	4042
中学生	1	zhōng xué shēng	middle-school student; high school student	12707
重	1	chóng	to repeat; repetition; again	608
重要	1	zhòng yào	important; significant; major	240
住	1	zhù	to live; to dwell; to stay	280
准备	1	zhǔn bèi	preparation; to prepare; to intend	333
桌子	1	zhuō zi	table; desk	3639
字	1	zì	letter; symbol; character	913
子	1	zǐ	son; child; seed	627
走	1	zǒu	to walk; to go; to run	109
走路	1	zǒu lù	to walk; to go on foot	4517
最	1	zuì	variant of 最	89
最好	1	zuì hǎo	best; (you) had better (do what we suggest)	1704
最后	1	zuì hòu	final; last; finally	261
昨天	1	zuó tiān	yesterday	557
左	1	Zuǒ	surname Zuo	1382
左边	1	zuǒ bian	left; the left side; to the left of	4584
坐	1	Zuò	surname Zuo	435
坐下	1	zuò xia	to sit down	3600
做	1	zuò	to make; to produce; to write; to compose; to do; to engage in; to hold (a party etc)	53
啊	2	ā	interjection of surprise; Ah!; Oh!	47
爱情	2	ài qíng	romance; love (romantic)	1164
爱人	2	ài ren	spouse (PRC); lover (non-PRC)	4365
安静	2	ān jìng	quiet; peaceful; calm	2501
安全	2	ān quán	safe; secure; safety; security	364
白色	2	bái sè	white; fig. reactionary; anti-communist	2643
班长	2	bān zhǎng	class monitor; squad leader; team leader	9622
办	2	bàn	to do; to manage; to handle	691
办法	2	bàn fǎ	means; method; way (of doing sth)	538
办公室	2	bàn gōng shì	office; business premises; bureau	1162
半夜	2	bàn yè	midnight; in the middle of the night	4212
帮助	2	bāng zhù	assistance; aid; to help; to assist	499
饱	2	bǎo	to eat till full; satisfied	4742
报名	2	bào míng	to sign up; to enter one's name; to apply	4602
报纸	2	bào zhǐ	newspaper; newsprint	2232
北方	2	běi fāng	north; the northern part a country; China north of the Yellow River	4879
背	2	bēi	variant of 背	1623
比如	2	bǐ rú	for example; for instance; such as	1051
比如说	2	bǐ rú shuō	for example	2785
笔	2	bǐ	pen; pencil; writing brush	1245
笔记	2	bǐ jì	to take down (in writing); notes; a type of literature consisting mainly of short sketches	7920
笔记本	2	bǐ jì běn	notebook (stationery); notebook (computing)	3935
必须	2	bì xū	to have to; must; compulsory	241
边	2	biān	side; edge; margin	803
变	2	biàn	to change; to become different; to transform	501
变成	2	biàn chéng	to change into; to turn into; to become	853
便宜	2	biàn yí	convenient	2814
遍	2	biàn	variant of 遍	1358
表	2	biǎo	exterior surface; family relationship via females; to show (one's opinion)	1344
不错	2	bù cuò	correct; right; not bad	384
不但	2	bù dàn	not only (... but also ...)	4161
不够	2	bù gòu	not enough; insufficient; inadequate	1419
不过	2	bù guò	only; merely; no more than	216
不好意思	2	bù hǎo yì si	to feel embarrassed; to find it embarrassing; to be sorry (for inconveniencing sb)	2805
不久	2	bù jiǔ	not long (after); before too long; soon	2739
不满	2	bù mǎn	resentful; discontented; dissatisfied	5004
不如	2	bù rú	not equal to; not as good as; inferior to	2684
不少	2	bù shǎo	many; a lot; not few	1045
不太	2	bù tài	Not too	58429
不同	2	bù tóng	different; distinct; not the same	458
不行	2	bù xíng	won't do; be out of the question; be no good	1439
不要	2	bù yào	don't!; must not	221
不一定	2	bù yī dìng	not necessarily; maybe	3647
不一会儿	2	bù yīhuǐr5	Take a short while	35153
部分	2	bù fen	part; share; section	513
才	2	cái	ability; talent; sb of a certain type; a capable individual	133
菜单	2	cài dān	menu	7509
参观	2	cān guān	to look around; to tour; to visit	3793
参加	2	cān jiā	to participate; to take part; to join	355
草	2	cǎo	variant of 草	2467
草地	2	cǎo dì	lawn; meadow; sod	9048
层	2	céng	to pile on top of one another; layer; stratum; floor (of a building); story	1202
查	2	Zhā	surname Zha	1010
差不多	2	chà bu duō	almost; nearly; more or less	2024
常见	2	cháng jiàn	commonly seen; common; to see sth frequently	5164
常用	2	cháng yòng	in common usage	9671
场	2	cháng	threshing floor; classifier for events and happenings: spell, episode, bout	286
超过	2	chāo guò	to surpass; to exceed; to outstrip	1048
超市	2	chāo shì	supermarket (abbr. for 超级市场)	4427
车辆	2	chē liàng	vehicle	2947
称	2	chèn	to fit; balanced; suitable	1100
成	2	Chéng	surname Cheng	227
成绩	2	chéng jì	achievement; performance records; grades	1888
成为	2	chéng wéi	to become; to turn into	267
出发	2	chū fā	to set off; to start (on a journey)	1714
出国	2	chū guó	to go abroad; to leave the country	6997
出口	2	chū kǒu	an exit; to speak; to export	1693
出门	2	chū mén	to go out; to leave home; to go on a journey	2997
出生	2	chū shēng	to be born	2112
出现	2	chū xiàn	to appear; to arise; to emerge	323
出院	2	chū yuàn	to leave hospital; to be discharged from hospital	7409
出租	2	chū zū	to rent	5547
出租车	2	chū zū chē	taxi; (Tw) rental car	2677
船	2	chuán	variant of 船	1346
吹	2	chuī	to blow; to play a wind instrument; to blast	1880
春节	2	Chūn jié	Spring Festival (Chinese New Year)	22596
春天	2	chūn tiān	spring (season)	4411
词	2	cí	old variant of 词	1572
词典	2	cí diǎn	dictionary; also written 辞典	18663
词语	2	cí yǔ	word (general term including monosyllables through to short phrases); term (e.g. technical term); expression	10379
从小	2	cóng xiǎo	from childhood; from a young age	4653
答应	2	dā ying	to answer; to respond; to answer positively; to agree; to accept; to promise	2130
打工	2	dǎ gōng	to work a temporary or casual job; (of students) to have a job outside of class time, or during vacation	4894
打算	2	dǎ suàn	to plan; to intend; to calculate	1374
打印	2	dǎ yìn	to affix a seal; to stamp; to print out (with a printer)	8233
大部分	2	dà bù fen	in large part; the greater part; the majority	1854
大大	2	dà dà	greatly; enormously; (dialect) dad	3550
大多数	2	dà duō shù	(great) majority	2065
大海	2	dà hǎi	sea; ocean	5490
大家	2	dà jiā	everyone; influential family; great expert	189
大量	2	dà liàng	great amount; large quantity; bulk	1807
大门	2	Dà mén	the Doors, US rock band	3619
大人	2	dà ren	adult; grownup; title of respect toward superiors	2368
大声	2	dà shēng	loud voice; in a loud voice; loudly	3359
大小	2	dà xiǎo	dimension; magnitude; size	3641
大衣	2	dà yī	overcoat; topcoat; cloak	5821
大自然	2	dà zì rán	nature (the natural world)	8020
带	2	dài	band; belt; girdle	177
带来	2	dài lái	to bring; (fig.) to bring about; to produce	677
单位	2	dān wèi	unit (of measure); unit (group of people as a whole); work unit (place of employment, esp. in the PRC prior to economic reform)	2350
但	2	dàn	but; yet; however; still; merely; only; just	55
但是	2	dàn shì	but; however	115
蛋	2	Dàn	variant of 蜑	1539
当	2	dāng	(onom.) dong; ding dong (bell)	155
当时	2	dāng shí	then; at that time; while	505
到处	2	dào chù	everywhere	2171
倒	2	dǎo	to fall; to collapse; to lie horizontally; to fail; to go bankrupt; to overthrow	780
道	2	dào	road; path; principle	478
道理	2	dào li	reason; argument; sense	2521
道路	2	dào lù	road; path; way	2367
地球	2	dì qiú	the earth	1971
地铁	2	dì tiě	underground railway; subway; subway train	3046
地铁站	2	dì tiě zhàn	subway station	11176
的话	2	de huà	if (coming after a conditional clause)	2226
得	2	dé	to obtain; to get; to gain	58
得出	2	dé chū	to obtain (a result); to arrive at (a conclusion)	5401
灯	2	dēng	lamp; light; lantern	2001
等到	2	děng dào	to wait until; by the time when (sth is ready etc)	4305
等于	2	děng yú	to equal; to be tantamount to	3464
低	2	dī	low; beneath; to lower (one's head)	951
点头	2	diǎn tóu	to nod	6136
店	2	diàn	inn; old-style hotel; (bound form) shop; store	732
掉	2	diào	to fall; to drop; to lag behind	549
东北	2	Dōng běi	Northeast China; Manchuria	6344
东方	2	Dōng fāng	the East; the Orient; two-character surname Dongfang	5137
东南	2	dōng nán	southeast	10838
冬天	2	dōng tiān	winter	3291
懂	2	dǒng	to understand; to comprehend	669
懂得	2	dǒng de	to understand; to know; to comprehend	2899
动物	2	dòng wù	animal	1438
动物园	2	dòng wù yuán	zoo	9030
读音	2	dú yīn	pronunciation; literary (rather than colloquial) pronunciation of a Chinese character	28795
度	2	dù	to pass; to spend (time); measure	925
短	2	duǎn	short; brief; to lack	983
短信	2	duǎn xìn	text message; SMS	1000000
段	2	Duàn	surname Duan	647
队	2	duì	squadron; team; group	422
队长	2	duì zhǎng	captain; team leader	3177
对话	2	duì huà	to talk (with sb); dialogue; conversation	3221
对面	2	duì miàn	(sitting) opposite; across (the street); directly in front	3939
多久	2	duō jiǔ	(of time) how long?; (not) a long time	2322
多么	2	duō me	how (wonderful etc); what (a great idea etc); however (difficult it may be etc)	1940
多数	2	duō shù	majority; most	4376
多云	2	duō yún	cloudy (meteorology)	4950
而且	2	ér qiě	(not only ...) but also; moreover; in addition	239
发	2	fā	to send out; to show (one's feeling); to issue	400
发现	2	fā xiàn	to notice; to become aware of; to discover; to find; to detect; a discovery	189
饭馆	2	fàn guǎn	restaurant	16449
方便	2	fāng biàn	convenient; suitable; to facilitate	2014
方便面	2	fāng biàn miàn	instant noodles	16225
方法	2	fāng fǎ	method; way; means	577
方面	2	fāng miàn	respect; aspect; field	601
方向	2	fāng xiàng	direction; orientation	1183
放下	2	fàng xià	to lay down; to put down; to let go of	2179
放心	2	fàng xīn	to feel relieved; to feel reassured; to be at ease	2458
分开	2	fēn kāi	to separate; to part	3365
分数	2	fēn shù	(exam) grade; mark; score	6646
分钟	2	fēn zhōng	minute	465
份	2	fèn	classifier for gifts, newspaper, magazine, papers, reports, contracts etc; variant of 分	608
封	2	Fēng	surname Feng	1534
服务	2	fú wù	to serve; service	732
复习	2	fù xí	to review; revision	6867
该	2	gāi	should; ought to; probably	116
改	2	gǎi	to change; to alter; to transform	1070
改变	2	gǎi biàn	to change; to alter; to transform	551
感到	2	gǎn dào	to feel; to sense; to perceive	766
感动	2	gǎn dòng	to move (sb); to touch (sb emotionally); moving	2676
感觉	2	gǎn jué	feeling; impression; sensation; to feel; to perceive	274
感谢	2	gǎn xiè	(express) thanks; gratitude; grateful	749
干杯	2	gān bēi	to drink a toast; Cheers! (proposing a toast); Here's to you!	14023
干活儿	2	gàn huó r	erhua variant of 干活; (coll.) to work; (coll.) to be employed	41800
刚	2	gāng	hard; firm; strong	436
刚才	2	gāng cái	just now; a moment ago	1149
刚刚	2	gāng gang	just recently; just a moment ago	719
高级	2	gāo jí	high level; high grade; advanced	2221
高中	2	gāo zhōng	senior high school; abbr. for 高级中学	2025
个子	2	gè zi	height; stature; build	10888
更	2	gēng	to change or replace; to experience; one of the five two-hour periods into which the night was formerly divided	127
公共汽车	2	gōng gòng qì chē	bus	13591
公交车	2	gōng jiāo chē	public transport vehicle; town bus	1000000
公斤	2	gōng jīn	kilogram (kg)	4784
公里	2	gōng lǐ	kilometer	2531
公路	2	gōng lù	highway; road	2388
公平	2	gōng píng	fair; impartial	2218
公司	2	gōng sī	company; firm; corporation	220
公园	2	gōng yuán	park (for public recreation)	2134
狗	2	gǒu	dog	620
够	2	gòu	enough (sufficient); enough (too much); (coll.) (before adj.) really	1173
故事	2	gù shì	old practice	772
故意	2	gù yì	deliberately; on purpose	2426
顾客	2	gù kè	customer; client	2706
关机	2	guān jī	to turn off (a machine or device); to finish shooting a film	9207
关心	2	guān xīn	to be concerned about; to care about	1190
观点	2	guān diǎn	point of view; viewpoint; standpoint	2211
广场	2	guǎng chǎng	public square; plaza	2900
广告	2	guǎng gào	to advertise; a commercial; advertisement	1122
国际	2	guó jì	international	1262
过来	2	guò lái	to come over; to manage; to handle	692
过年	2	guò nián	to celebrate the Chinese New Year	14490
过去	2	guò qù	(in the) past; former; previous	353
海	2	Hǎi	surname Hai	1082
海边	2	hǎi biān	coast; seaside; seashore	7277
喊	2	hǎn	to yell; to shout; to call out for (a person)	2060
好处	2	hǎo chǔ	easy to get along with	2534
好多	2	hǎo duō	many; quite a lot; much better	1837
好久	2	hǎo jiǔ	quite a while	2909
好人	2	hǎo rén	good person; healthy person; person who tries not to offend anyone, even at the expense of principle	3350
好事	2	hǎo shì	good action, deed, thing or work (also sarcastic, "a fine thing indeed"); charity; happy occasion	2679
好像	2	hǎo xiàng	as if; to seem like	738
合适	2	hé shì	suitable; fitting; appropriate	2104
河	2	hé	river	2245
黑	2	Hēi	abbr. for Heilongjiang province 黑龙江	724
黑板	2	hēi bǎn	blackboard	15524
黑色	2	hēi sè	black	2362
红	2	Hóng	surname Hong	794
红色	2	hóng sè	red (color); revolutionary	2146
后来	2	hòu lái	afterwards; later; newly arrived	1055
忽然	2	hū rán	suddenly; all of a sudden	4518
湖	2	hú	lake	2468
护照	2	hù zhào	passport	7152
花园	2	huā yuán	garden	3403
画	2	huà	to draw; to paint; picture; painting; to draw (a line) (variant of 划)	1119
画儿	2	huà r	picture; drawing; painting	69994
画家	2	huà jiā	painter	7217
坏处	2	huài chu	harm; troubles	18345
坏人	2	huài rén	bad person; villain	5700
换	2	huàn	to exchange; to change (clothes etc); to substitute	618
欢迎	2	huān yíng	to welcome; welcome	796
黄	2	Huáng	surname Huang or Hwang	1809
黄色	2	huáng sè	yellow (color); pornographic	4243
回国	2	huí guó	to return to one's home country	9098
活动	2	huó dòng	to exercise; to move about; to operate	605
或	2	huò	maybe; perhaps; might	307
或者	2	huò zhě	or; possibly; maybe; perhaps	382
机会	2	jī huì	opportunity; chance; occasion	393
鸡	2	jī	fowl; chicken; (slang) prostitute	1356
级	2	jí	level; grade; rank	1454
急	2	jí	urgent; pressing; rapid	1635
计划	2	jì huà	plan; project; program	403
计算机	2	jì suàn jī	computer; (Tw) calculator	3682
加	2	Jiā	Canada (abbr. for 大); surname Jia	503
加油	2	jiā yóu	to add oil; to top up with gas; to refuel	1078
家庭	2	jiā tíng	family; household	706
家长	2	jiā zhǎng	head of a household; family head; patriarch	2575
假	2	gēi	used in 掰	1053
假期	2	jià qī	vacation	4572
检查	2	jiǎn chá	inspection; to examine; to inspect	659
见到	2	jiàn dào	to see	341
见过	2	jiànguò	seen	1000000
件	2	jiàn	item; component; classifier for events, things, clothes etc	292
健康	2	jiàn kāng	health; healthy	952
讲	2	jiǎng	to speak; to explain; to negotiate	555
讲话	2	jiǎng huà	a speech; to speak; to talk	2064
交	2	jiāo	to hand over; to deliver; to pay (money)	715
交给	2	jiāo gěi	to give; to deliver; to hand over	1533
交朋友	2	jiāo péng you	to make friends; (dialect) to start an affair with sb	17456
交通	2	jiāo tōng	to be connected; traffic; transportation	1688
角	2	Jué	surname Jue	2370
角度	2	jiǎo dù	angle; point of view	1907
饺子	2	jiǎo zi	dumpling; pot-sticker	11834
脚	2	jiǎo	foot; leg (of an animal or an object); base (of an object)	1024
叫作	2	jiào zuò	to call; to be called	19120
教师	2	jiào shī	teacher	2635
教室	2	jiào shì	classroom	5082
教学	2	jiāo xué	to teach (as a professor)	4466
教育	2	jiào yù	to educate; to teach; education	1197
接	2	jiē	to receive; to answer (the phone); to meet or welcome sb	425
接到	2	jiē dào	to receive (letter etc)	1716
接受	2	jiē shòu	to accept; to receive	465
接下来	2	jiē xià lái	to accept; to take; next	2928
接着	2	jiē zhe	to catch and hold on; to continue; to go on to do sth	1329
街	2	jiē	street	1234
节	2	jiē	see 节骨眼	1196
节目	2	jié mù	program; item (on a program)	951
节日	2	jié rì	holiday; festival	3477
结果	2	jiē guǒ	to bear fruit	364
借	2	jiè	to lend; to borrow; by means of	1495
今后	2	jīn hòu	hereafter; henceforth; in the future	3519
斤	2	jīn	catty; (PRC) weight equal to 500 g; (Tw) weight equal to 600 g	8277
近	2	jìn	near; close to; approximately	822
进入	2	jìn rù	to enter; to join; to go into	458
进行	2	jìn xíng	to advance; to conduct; underway	299
经常	2	jīng cháng	frequently; constantly; regularly; often; day-to-day; everyday; daily	940
经过	2	jīng guò	to pass; to go through; process	867
经理	2	jīng lǐ	manager; director	1838
酒	2	jiǔ	wine (esp. rice wine); liquor; spirits	788
酒店	2	jiǔ diàn	wine shop; pub (public house); hotel	1680
就要	2	jiù yào	will; shall; to be going to	1077
举	2	jǔ	variant of 举	2311
举手	2	jǔ shǒu	to raise a hand; to put up one's hand (as signal)	6801
举行	2	jǔ xíng	to hold (a meeting, ceremony etc)	1431
句	2	gōu	variant of 勾	598
句子	2	jù zi	sentence	10428
卡	2	kǎ	to stop; to block; (computing) (coll.) slow	670
开机	2	kāi jī	to start an engine; to boot up (a computer); to press Ctrl-Alt-Delete	12848
开心	2	kāi xīn	to feel happy; to rejoice; to have a great time	667
开学	2	kāi xué	foundation of a University or College; school opening; the start of a new term	10160
看法	2	kàn fǎ	way of looking at a thing; view; opinion	2435
考生	2	kǎo shēng	exam candidate; student whose name has been put forward for an exam	26644
靠	2	kào	to lean against or on; to stand by the side of; to come near to	622
科	2	kē	branch of study; administrative section; division	1543
科学	2	kē xué	science; scientific knowledge; scientific	1299
科学家	2	kē xué jiā	scientist	3551
可爱	2	kě ài	adorable; cute; lovely	799
可能	2	kě néng	might (happen); possible; probable	127
可怕	2	kě pà	awful; dreadful; fearful	2006
可是	2	kě shì	but; however; (used for emphasis) indeed	404
可以	2	kě yǐ	can; may; possible	58
克	2	Kè	abbr. for 克罗地亚, Croatia; (Tw) abbr. for 克罗埃西亚, Croatia	738
刻	2	kè	quarter (hour); moment; to carve	3756
客人	2	kè rén	visitor; guest; customer	2750
课堂	2	kè táng	classroom	6943
空气	2	kōng qì	air; atmosphere	2055
哭	2	kū	to cry; to weep	898
快餐	2	kuài cān	fast food; snack; quick meal	11411
快点儿	2	kuài diǎn r	erhua variant of 快点; to do smh more quickly; Hurry up!	1000000
快乐	2	kuài lè	happy; joyful	637
快要	2	kuài yào	nearly at the point of (doing sth); about to (do sth)	5135
筷子	2	kuài zi	chopsticks	10486
拉	2	lā	to pull; to play (a bowed instrument); to drag	484
来自	2	lái zì	to come from (a place); From: (in email header)	644
蓝	2	Lán	surname Lan	1615
蓝色	2	lán sè	blue (color)	2892
篮球	2	lán qiú	basketball	3596
老年	2	lǎo nián	elderly; old age; autumn of one's years	8396
老朋友	2	lǎo péng you	old friend; (slang) period; menstruation	7500
老是	2	lǎo shi	always	5562
离	2	chī	mythical beast (archaic)	912
离开	2	lí kāi	to depart; to leave	557
礼物	2	lǐ wù	gift; present	1673
里头	2	lǐ tou	inside; interior	9692
理想	2	lǐ xiǎng	an ideal; a dream; ideal	2661
例如	2	lì rú	for example; for instance; such as	3486
例子	2	lì zi	case; (for) instance; example	5034
脸	2	liǎn	face	629
练	2	liàn	to practice; to train; to drill	2255
练习	2	liàn xí	to practice; exercise; drill	3084
凉	2	Liáng	the five Liang of the Sixteen Kingdoms, namely: Former Liang 前凉 (314-376), Later Liang 后凉 (386-403), Northern Liang 北凉 (398-439), Southern Liang 南凉 (397-414), Western Liang 西凉 (400-421)	4088
凉快	2	liáng kuai	nice and cold; pleasantly cool	19483
亮	2	liàng	bright; clear; resonant	1691
辆	2	liàng	classifier for vehicles	699
零下	2	líng xià	below zero	14498
流	2	liú	to flow; to disseminate; to circulate or spread	1337
流利	2	liú lì	fluent	17449
流行	2	liú xíng	(of a contagious disease etc) to spread; to propagate; (of a style of clothing, song etc) popular	2724
留	2	liú	old variant of 留	705
留下	2	liú xià	to leave behind; to stay behind; to remain	1196
留学生	2	liú xué shēng	student studying abroad; (foreign) exchange student	24084
路边	2	lù biān	curb; roadside; wayside	5880
旅客	2	lǚ kè	traveler; tourist	5815
旅行	2	lǚ xíng	to travel; journey; trip	2385
旅游	2	lǚ yóu	trip; journey; tourism	2534
绿	2	lǜ	green; (slang) (derived from 绿帽子) to cheat on (one's spouse or boyfriend or girlfriend)	2608
绿色	2	lǜ sè	green	2383
卖	2	mài	to sell; to betray; to spare no effort	590
满	2	Mǎn	Manchu ethnic group	961
满意	2	mǎn yì	satisfied; pleased; to one's satisfaction	1761
猫	2	māo	cat; (dialect) to hide oneself; (coll.) modem	1150
米	2	Mǐ	surname Mi	663
面	2	miàn	face; side; surface	604
面前	2	miàn qián	in front of; facing; (in the) presence (of)	948
名	2	míng	name; noun (part of speech); place (e.g. among winners)	234
名称	2	míng chēng	name (of a thing); name (of an organization)	6563
名单	2	míng dān	list of names	2125
明星	2	míng xīng	star; celebrity	1452
目的	2	mù dì	purpose; aim; goal; target; objective	1260
拿出	2	ná chū	to take out; to put out; to provide	14568
拿到	2	ná dào	to get; to obtain	4622
那会儿	2	nà huì r	at that time (in the past or the future); also pr. [nèi huì r]	15502
那么	2	nà me	like that; in that way; or so	164
那时	2	nà shí	then; at that time; in those days	1980
那时候	2	nà shí hou	at that time	1000000
那样	2	nà yàng	that kind; that sort	756
南方	2	nán fāng	south; the southern part of the country; the South	3191
难过	2	nán guò	to feel sad; to feel unwell; (of life) to be difficult	2714
难看	2	nán kàn	ugly; unsightly	11156
难受	2	nán shòu	to feel unwell; to suffer pain; to be difficult to bear	3699
难题	2	nán tí	difficult problem	5922
难听	2	nán tīng	unpleasant to hear; coarse; vulgar	17675
能够	2	néng gòu	to be capable of; to be able to; can	481
年级	2	nián jí	grade; year (in school, college etc)	7644
年轻	2	nián qīng	young	1100
鸟	2	diǎo	variant of 屌; penis	1593
弄	2	lòng	lane; alley	952
努力	2	nǔ lì	to make an effort; to try hard; to strive; hard-working; conscientious	505
爬	2	pá	to crawl; to climb; to get up or sit up	2016
爬山	2	pá shān	to climb a mountain; to mountaineer; hiking	15470
怕	2	Pà	surname Pa	899
排	2	pái	a row; a line; to set in order	1188
排队	2	pái duì	to line up	4300
排球	2	pái qiú	volleyball	13985
碰	2	pèng	variant of 碰	2829
碰到	2	pèng dào	to come across; to run into; to meet	2877
碰见	2	pèng jiàn	to run into; to meet (unexpectedly); to bump into	13656
篇	2	piān	sheet; piece of writing; bound set of bamboo slips used for record keeping (old)	1691
片	2	piān	disk; sheet	560
漂亮	2	piào liang	pretty; beautiful	915
平	2	Píng	surname Ping	1707
平安	2	píng ān	safe and sound; well; without mishap	3137
平常	2	píng cháng	ordinary; common; usually	4153
平等	2	píng děng	equal; equality	4880
平时	2	píng shí	ordinarily; in normal times; in peacetime	2780
瓶	2	píng	bottle; vase; pitcher	1373
瓶子	2	píng zi	bottle	6741
普通	2	pǔ tōng	common; ordinary; general	1373
普通话	2	pǔ tōng huà	Mandarin (common language); Putonghua (common speech of the Chinese language); ordinary speech	14869
其他	2	qí tā	other; (sth or sb) else; the rest	267
其中	2	qí zhōng	among; in; included among these	470
骑	2	jì	(Tw) saddle horse; mounted soldier	2231
骑车	2	qí chē	to ride a bike (motorbike or bicycle)	7235
起飞	2	qǐ fēi	(of an aircraft) to take off	5419
气	2	qì	gas; air; smell; weather	772
气温	2	qì wēn	air temperature	7200
千	2	qiān	thousand	1728
千克	2	qiān kè	kilogram	18907
前年	2	qián nián	the year before last	18549
墙	2	qiáng	variant of 墙, wall	1741
青年	2	qīng nián	youth; youthful years; young person	3336
青少年	2	qīng shào nián	adolescent; youth; teenager	4006
轻	2	qīng	light; easy; gentle	1814
清楚	2	qīng chu	clear; distinct; to understand thoroughly	766
晴	2	qíng	clear; fine (weather)	9343
晴天	2	qíng tiān	clear sky; sunny day	14859
请客	2	qǐng kè	to give a dinner party; to entertain guests; to invite to dinner	9854
请求	2	qǐng qiú	to request; to ask; request	2837
秋天	2	qiū tiān	autumn	7055
求	2	qiú	to seek; to look for; to request	497
球场	2	qiú chǎng	stadium; sports ground; court	4445
球队	2	qiú duì	sports team (basketball, soccer, football etc)	2340
球鞋	2	qiú xié	athletic shoes	17153
取	2	qǔ	to take; to get; to choose	1198
取得	2	qǔ dé	to acquire; to get; to obtain	1609
全	2	Quán	surname Quan	404
全部	2	quán bù	whole; all	718
全国	2	quán guó	whole nation; nationwide; countrywide	1228
全家	2	quán jiā	whole family	4632
全年	2	quán nián	the whole year; all year long	15123
全身	2	quán shēn	the whole body; (typography) em	3082
全体	2	quán tǐ	all; entire	3036
然后	2	rán hòu	then; after that; afterwards	275
让	2	ràng	to yield; to permit; to let sb do sth	54
热情	2	rè qíng	cordial; enthusiastic; passion	2149
人口	2	rén kǒu	population; people	2767
人们	2	rén men	people	474
人数	2	rén shù	number of people	3139
认为	2	rèn wéi	to believe; to think; to consider; to feel	168
日报	2	rì bào	daily newspaper	9879
日子	2	rì zi	day; a (calendar) date; days of one's life	1197
如果	2	rú guǒ	if; in case; in the event that	89
入口	2	rù kǒu	entrance; to import	5927
商量	2	shāng liang	to consult; to talk over; to discuss	4232
商人	2	shāng rén	merchant; businessman	5221
上周	2	shàng zhōu	last week	2348
少年	2	shào nián	early youth; youngster; (literary) youth	3675
少数	2	shǎo shù	small number; few; minority	5240
身边	2	shēn biān	at one's side; on hand	982
什么样	2	shén me yàng	what kind?; what sort?	1946
生	2	shēng	to be born; to give birth; life	558
生词	2	shēng cí	new word (in textbook); word that is unfamiliar or not yet studied	61776
生活	2	shēng huó	to live; life; livelihood	203
声音	2	shēng yīn	voice; sound	841
省	2	shěng	to save; to economize; to be frugal; to omit; to delete; to leave out; province	1081
十分	2	shí fēn	very; completely; utterly	1086
实际	2	shí jì	reality; practice; practical	1981
实习	2	shí xí	to practice; field work; to intern	6022
实现	2	shí xiàn	to achieve; to implement; to realize	1144
实在	2	shí zài	really; actually; indeed	1340
食物	2	shí wù	food	1768
使用	2	shǐ yòng	to use; to employ; to apply	641
市	2	shì	market; city	1040
市长	2	shì zhǎng	mayor	3369
事情	2	shì qing	affair; matter; thing; business	271
收	2	shōu	to receive; to accept; to collect	834
收到	2	shōu dào	to receive	1171
收入	2	shōu rù	to take in; income; revenue	2243
手表	2	shǒu biǎo	wristwatch	6179
受到	2	shòu dào	to receive (praise, an education, punishment etc); to be ...ed (praised, educated, punished etc)	858
舒服	2	shū fu	comfortable; feeling well	2343
熟	2	shú	ripe; mature; thoroughly cooked; done; familiar; acquainted	3050
数	2	shǔ	to count; to count as; to regard as; to enumerate; to list	852
数字	2	shù zì	numeral; digit; number	1670
水平	2	shuǐ píng	level (of achievement etc); standard; horizontal	1490
顺利	2	shùn lì	smoothly; without a hitch	1475
说明	2	shuō míng	to explain; to illustrate; to indicate	968
司机	2	sī jī	chauffeur; driver	1804
送到	2	sòng dào	Deliver	8114
送给	2	sòng gěi	to send; to give as a present	2733
算	2	suàn	to regard as; to figure; to calculate	698
虽然	2	suī rán	although; even though (often used correlatively with 是 or 是 etc)	440
随便	2	suí biàn	as one wishes; as one pleases; at random	2071
随时	2	suí shí	at any time; at all times; at the right time; whenever necessary	2085
所以	2	suǒ yǐ	therefore; as a result; so	157
所有	2	suǒ yǒu	all; to have; to possess; to own	238
它	2	tā	it	114
它们	2	tā men	they (for inanimate objects)	793
太太	2	tài tai	married woman; Mrs.; Madam	3823
太阳	2	tài yang	sun; abbr. for 太阳穴	2001
态度	2	tài du	manner; bearing; attitude	1647
讨论	2	tǎo lùn	to discuss; to talk over	1047
套	2	tào	to cover; to encase; cover	715
特别	2	tè bié	unusual; special; very; especially; particularly; expressly; for a specific purpose	541
特点	2	tè diǎn	characteristic (feature); trait; feature	4039
疼	2	téng	(it) hurts; sore; to love dearly	1641
提	2	dī	used in 防 and 溜	919
提出	2	tí chū	to raise (an issue); to propose; to put forward	1125
提到	2	tí dào	to mention; to raise (a subject); to refer to	2683
提高	2	tí gāo	to raise; to increase; to improve	1724
题	2	Tí	surname Ti	2690
体育	2	tǐ yù	sports; physical education	2354
体育场	2	tǐ yù chǎng	stadium	10575
体育馆	2	tǐ yù guǎn	gym; gymnasium; stadium	7477
天上	2	tiān shàng	celestial; heavenly	5808
条	2	tiáo	strip; item; article	277
条件	2	tiáo jiàn	condition; circumstance; term; factor; requirement; prerequisite; qualification; situation; state; condition	1104
听讲	2	tīng jiǎng	to attend a lecture; to listen to a talk	26538
听说	2	tīng shuō	to hear (sth said); one hears (that); hearsay	1283
停	2	tíng	to stop; to halt; to park (a car)	768
停车	2	tíng chē	to pull up (stop one's vehicle); to park; (of a machine) to stop working	3222
停车场	2	tíng chē chǎng	parking lot; car park	5453
挺	2	tǐng	straight; erect; to stick out (a part of the body)	737
挺好	2	tǐng hǎo	very good	1000000
通	2	tōng	to go through; to know well; (suffix) expert	1155
通过	2	tōng guò	to pass through; to get through; to adopt (a resolution); to pass (legislation); to pass (a test)	343
通知	2	tōng zhī	to notify; to inform; notice	1246
同时	2	tóng shí	at the same time; simultaneously	566
同事	2	tóng shì	colleague; co-worker	2337
同样	2	tóng yàng	same; equal; equivalent	971
头	2	tóu	head; hair style; the top	329
头发	2	tóu fa	hair (on the head)	1533
图片	2	tú piàn	picture; photograph	2934
推	2	tuī	to push; to cut; to refuse	1277
腿	2	tuǐ	leg	1216
外地	2	wài dì	parts of the country other than where one is	7943
外卖	2	wài mài	(of a restaurant) to provide a takeout or home delivery meal; takeout (business); takeout (meal)	15748
完	2	wán	to finish; to be over; whole	395
完成	2	wán chéng	to complete; to accomplish	486
完全	2	wán quán	complete; whole; totally; entirely	393
晚安	2	wǎn ān	Good night!; Good evening!	1116
晚报	2	wǎn bào	evening newspaper; (in a newspaper's name) Evening News	17540
晚餐	2	wǎn cān	evening meal; dinner	3610
晚会	2	wǎn huì	evening party	3620
碗	2	wǎn	variant of 碗	2866
万	2	mò	used in 俟	557
网	2	wǎng	net; network	1491
网球	2	wǎng qiú	tennis; tennis ball	5430
网站	2	wǎng zhàn	website; network station; node	1965
往	2	wǎng	to go (in a direction); to; towards	760
为	2	wéi	as (in the capacity of); to take sth as; to act as	58
为什么	2	wèi shén me	why?; for what reason?	299
位	2	wèi	position; location; place	177
味道	2	wèi dao	flavor; taste; (fig.) feeling (of ...); sense (of ...); hint (of ...); (fig.) interest; delight	1705
喂	2	wéi	hello (when answering the phone)	1301
温度	2	wēn dù	temperature	3440
闻	2	Wén	surname Wen	2427
问路	2	wèn lù	to ask for directions; to ask the way (to some place)	19022
问题	2	wèn tí	question; problem; issue	109
午餐	2	wǔ cān	lunch; luncheon	4296
午睡	2	wǔ shuì	to take a nap; siesta	19822
习惯	2	xí guàn	habit; custom; usual practice	1251
洗衣机	2	xǐ yī jī	washing machine; washer	10344
洗澡	2	xǐ zǎo	to bathe; to take a shower	3512
西北	2	Xī běi	Northwest China (Shaanxi, Gansu, Qinghai, Ningxia, Xinjiang)	7263
西餐	2	xī cān	Western-style food	31561
西方	2	Xī fāng	the West; the Occident; Western countries	4391
西南	2	xī nán	southwest	7237
西医	2	xī yī	Western medicine; a doctor trained in Western medicine	25471
下雪	2	xià xuě	to snow	7185
下周	2	xià zhōu	next week	1000000
夏天	2	xià tiān	summer	2925
相机	2	xiàng jī	camera (abbr. for 照相机); at the opportune moment; as the circumstances allow	3401
相同	2	xiāng tóng	identical; same	2110
相信	2	xiāng xìn	to be convinced (that sth is true); to believe; to accept sth as true	431
响	2	xiǎng	echo; sound; noise	2237
想到	2	xiǎng dào	to think of; to call to mind; to anticipate	733
想法	2	xiǎng fǎ	way of thinking; opinion; notion; to think of a way (to do sth)	1433
想起	2	xiǎng qǐ	to recall; to think of; to call to mind	1611
向	2	Xiàng	surname Xiang	165
像	2	xiàng	to resemble; to be like; to look as if	151
小声	2	xiǎo shēng	in a low voice; (speak) in whispers	7958
小时候	2	xiǎo shí hou	in one's childhood	3067
小说	2	xiǎo shuō	novel; fiction	2624
小心	2	xiǎo xīn	to be careful; to take care	1411
小组	2	xiǎo zǔ	group	1652
校园	2	xiào yuán	campus	4303
校长	2	xiào zhǎng	(college, university) president; headmaster	3365
笑话	2	xiào hua	joke; jest; to laugh at; to mock	4078
笑话儿	2	xiàohuar5	Joke	1000000
鞋	2	xié	shoe	1249
心里	2	xīn li	chest; heart; mind	1214
心情	2	xīn qíng	mood; frame of mind	1302
心中	2	xīn zhōng	central point; in one's thoughts; in one's heart	1983
新闻	2	xīn wén	news	805
信	2	xìn	letter; mail; to trust	419
信号	2	xìn hào	signal	1815
信息	2	xìn xī	information; news; message	612
信心	2	xìn xīn	confidence; faith (in sb or sth)	2405
信用卡	2	xìn yòng kǎ	credit card	3960
星星	2	xīng xing	(coll.) a star; the stars in the sky	4903
行动	2	xíng dòng	operation; action; to move about	666
行人	2	xíng rén	pedestrian; traveler on foot; passer-by	10141
行为	2	xíng wéi	action; conduct; behavior	734
姓	2	xìng	family name; surname; to be surnamed	3576
姓名	2	xìng míng	surname and given name; full name	4286
休假	2	xiū jià	to go on vacation; to have a holiday; to take leave	7947
许多	2	xǔ duō	many; a lot of; much	969
选	2	xuǎn	to choose; to pick; to select	590
学期	2	xué qī	term; semester	5859
雪	2	Xuě	surname Xue	1971
颜色	2	yán sè	color; countenance; appearance	1880
眼	2	yǎn	eye; small hole; crux (of a matter)	762
眼睛	2	yǎn jing	eye	814
养	2	yǎng	to raise (animals); to bring up (children); to keep (pets)	1346
样子	2	yàng zi	appearance; manner; pattern	1140
药	2	yào	leaf of the iris; variant of 药	701
药店	2	yào diàn	pharmacy	9052
药片	2	yào piàn	a (medicine) pill or tablet	19934
药水	2	Yào shuǐ	Yaksu in North Korea, near the border with Liaoning and Jiling province	17705
要求	2	yāo qiú	to request; to require; requirement	409
也许	2	yě xǔ	perhaps; maybe	601
夜	2	yè	variant of 夜	1082
夜里	2	yè li	during the night; at night; nighttime	6459
一般	2	yī bān	same; ordinary; so-so	798
一部分	2	yī bù fen	portion; part of; subset	4346
一点点	2	yī diǎn diǎn	a little bit	20631
一定	2	yī dìng	surely; certainly; necessarily	198
一共	2	yī gòng	altogether	4765
一路平安	2	yī lù píng ān	to have a pleasant journey; Bon voyage!	32899
一路顺风	2	yī lù shùn fēng	to have a pleasant journey (idiom)	17523
一生	2	yī shēng	all one's life; throughout one's life	1626
一直	2	yī zhí	straight (in a straight line); continuously; always; all the way through	203
已经	2	yǐ jīng	already	85
以后	2	yǐ hòu	after; later; afterwards	407
以前	2	yǐ qián	before; formerly; previous	524
以上	2	yǐ shàng	that level or higher; that amount or more; the above-mentioned	2124
以外	2	yǐ wài	apart from; other than; except for	3014
以为	2	yǐ wéi	to think (i.e. to take it to be true that ...) (Usually there is an implication that the notion is mistaken – except when expressing one's own current opinion.)	567
以下	2	yǐ xià	that level or lower; that amount or less; the following	2058
椅子	2	yǐ zi	chair	4472
亿	2	yì	100 million	3215
意见	2	yì jiàn	idea; opinion; suggestion	995
意思	2	yì si	idea; opinion; meaning	988
因为	2	yīn wèi	because; owing to; on account of	91
阴	2	Yīn	surname Yin	4058
阴天	2	yīn tiān	cloudy day; overcast sky	25274
音节	2	yīn jié	syllable	20226
音乐	2	yīn yuè	music	742
音乐会	2	yīn yuè huì	concert	6465
银行	2	yín háng	bank	769
银行卡	2	yín háng kǎ	bank card; ATM card	1000000
应该	2	yīng gāi	ought to; should; must	174
英文	2	Yīng wén	English (language)	7197
英语	2	Yīng yǔ	English (language)	2039
影片	2	yǐng piàn	a copy of a film; film; motion picture; movie	3433
影响	2	yǐng xiǎng	influence; effect; to influence	598
永远	2	yǒng yuǎn	forever; eternal	599
油	2	yóu	oil; fat; grease	1290
游客	2	yóu kè	traveler; tourist; (online gaming) guest player	4572
有点儿	2	yǒu diǎn r	slightly; a little; somewhat	11175
有空儿	2	yǒukòngr5	available	1000000
有人	2	yǒu rén	someone; people; anyone	463
有一点儿	2	yǒu yī diǎn r	a bit; a little	1000000
有意思	2	yǒu yì si	interesting; meaningful; enjoyable	2983
又	2	yòu	(once) again; also; both... and...	91
友好	2	Yǒu hǎo	Youhao district of Yichun city 市, Heilongjiang	3210
鱼	2	Yú	surname Yu	1189
语言	2	yǔ yán	language	1948
原来	2	yuán lái	original; former; originally	790
原因	2	yuán yīn	cause; origin; root cause	441
院	2	yuàn	courtyard; institution	2470
院长	2	yuàn zhǎng	the head of an institution whose name ends in 院; chair of a board; president of a university	6239
院子	2	yuàn zi	courtyard; garden; yard	6479
愿意	2	yuàn yì	to wish; to want; ready	738
月份	2	yuè fèn	month	5613
月亮	2	yuè liang	the moon	4781
越	2	Yuè	generic word for peoples or states of south China or south Asia at different historical periods; abbr. for Vietnam 越南	574
越来越	2	yuè lái yuè	more and more	982
云	2	yún	(classical) to say	3335
运动	2	yùn dòng	to move; to exercise; sports	1138
咱	2	zán	variant of 咱	3116
咱们	2	zán men	we or us (including both the speaker and the person(s) spoken to); (dialect) I or me; (dialect) (in a coaxing or familiar way) you	1405
脏	2	zàng	viscera; (anatomy) organ	4623
早餐	2	zǎo cān	breakfast	2932
早晨	2	zǎo chén	early morning; also pr. [zǎo chen]	2994
早就	2	zǎo jiù	already at an earlier time	2223
怎么办	2	zěn me bàn	what's to be done	1422
怎么样	2	zěn me yàng	how?; how about?; how was it?	1367
怎样	2	zěn yàng	how; what kind	823
占	2	zhàn	variant of 占	1571
站住	2	zhàn zhù	to stand	11455
长	2	cháng	length; long; forever	246
长大	2	zhǎng dà	to grow up	1531
找出	2	zhǎo chū	to find; to search out	6479
照顾	2	zhào gu	to take care of; to show consideration; to attend to	1631
照片	2	zhào piàn	photograph; picture	766
照相	2	zhào xiàng	to take a photograph	9002
这么	2	zhè me	so much; this much; how much?	166
这时	2	zhè shí	at this time; at this moment	3532
这时候	2	zhè shíhòu	At this moment	5552
这样	2	zhè yàng	this kind of; so; this way	85
真正	2	zhēn zhèng	genuine; real; true; really; indeed	544
正常	2	zhèng cháng	regular; normal; ordinary	722
正好	2	zhèng hǎo	just (in time); just right; just enough	2469
正确	2	zhèng què	correct; sound; right; proper	1163
正是	2	zhèng shì	is precisely	1179
直接	2	zhí jiē	direct (opposite: indirect 间接); immediate; straightforward	588
只	2	zhǐ	only; merely; just	98
只能	2	zhǐ néng	can only; obliged to do sth; to have no other choice	874
只要	2	zhǐ yào	if only; so long as	452
纸	2	zhǐ	variant of 纸	1621
中餐	2	zhōng cān	lunch; Chinese meal; Chinese food	14640
中级	2	zhōng jí	middle level (in a hierarchy)	20452
中年	2	zhōng nián	middle age	6470
中小学	2	zhōng xiǎo xué	middle and elementary school	29379
中心	2	zhōng xīn	center; heart; core	661
中医	2	Zhōng yī	traditional Chinese medical science; a doctor trained in Chinese medicine	18327
重点	2	chóng diǎn	to recount (e.g. results of election); to re-evaluate	1381
重复	2	chóng fù	to repeat; to duplicate	2608
重视	2	zhòng shì	to attach importance to sth; to value	3506
重新	2	chóng xīn	again; once more; re-	915
周	2	Zhōu	surname Zhou; Zhou Dynasty (1046-256 BC)	352
周末	2	zhōu mò	weekend	1269
周年	2	zhōu nián	anniversary; annual	3466
主人	2	zhǔ rén	master; host; owner	2399
主要	2	zhǔ yào	main; principal; major	1031
住房	2	zhù fáng	housing	7400
住院	2	zhù yuàn	to be in hospital; to be hospitalized	4464
装	2	zhuāng	adornment; to adorn; dress	741
准确	2	zhǔn què	accurate; exact; precise	2864
字典	2	zì diǎn	Chinese character dictionary (containing entries for single characters, contrasted with a 词典, which has entries for words of one or more characters); (coll.) dictionary	13961
自己	2	zì jǐ	oneself; one's own	56
自行车	2	zì xíng chē	bicycle; bike	3400
自由	2	zì yóu	freedom; liberty; free; unrestricted	1067
走过	2	zǒu guò	to walk past; to pass by	5277
走进	2	zǒu jìn	to enter	10163
走开	2	zǒu kāi	to leave; to walk away; to beat it	7742
租	2	zū	to hire; to rent; to charter	2332
组	2	Zǔ	surname Zu	578
组成	2	zǔ chéng	to form; to make up; to constitute	2717
组长	2	zǔ zhǎng	group leader	10622
嘴	2	zuǐ	mouth; beak; nozzle	1059
最近	2	zuì jìn	recently; soon; nearest	612
作家	2	zuò jiā	author	3034
作文	2	zuò wén	to write an essay; composition (student essay)	10798
作业	2	zuò yè	school assignment; homework; work	2574
作用	2	zuò yòng	to act on; to affect; action	955
座	2	zuò	seat; base; stand	751
座位	2	zuò wèi	seat	4477
做到	2	zuò dào	to accomplish; to achieve	818
做法	2	zuò fǎ	way of handling sth; method for making; work method	3019
做饭	2	zuò fàn	to prepare a meal; to cook	5512
爱心	3	ài xīn	compassion; kindness; care for others	5809
安排	3	ān pái	to arrange; to plan; to set up	900
安装	3	ān zhuāng	to install; to erect; to fix	3653
按	3	àn	to press; to push; to leave aside or shelve	678
按照	3	àn zhào	according to; in accordance with; in the light of	1378
把	3	bǎ	to hold; to grasp; to hold a baby in position to help it urinate or defecate; handlebar	50
把握	3	bǎ wò	to grasp (also fig.); to seize; to hold	3068
白菜	3	bái cài	Chinese cabbage; pak choi	16930
班级	3	bān jí	class (group of students); grade (in school)	10486
搬	3	bān	to move (i.e. relocate oneself); to move (sth relatively heavy or bulky); to shift	2254
搬家	3	bān jiā	to move house; to relocate; to remove (sth)	7790
板	3	bǎn	board; plank; plate	1759
办理	3	bàn lǐ	to handle; to transact; to conduct	6575
保	3	Bǎo	Bulgaria; Bulgarian; abbr. for 保加利亚	1597
保安	3	bǎo ān	to ensure public security; to ensure safety (for workers engaged in production); public security	3028
保持	3	bǎo chí	to keep; to maintain; to hold	644
保存	3	bǎo cún	to conserve; to preserve; to keep	3916
保护	3	bǎo hù	to protect; to defend; to safeguard	536
保留	3	bǎo liú	to keep; to retain; to have reservations (about sth)	2921
保险	3	bǎo xiǎn	insurance; to insure; safe	1430
保证	3	bǎo zhèng	guarantee; to guarantee; to ensure	586
报	3	bào	to announce; to inform; report	967
报到	3	bào dào	to report for duty; to check in; to register	8953
报道	3	bào dào	to report (news); report	886
报告	3	bào gào	to inform; to report; to make known	681
北部	3	běi bù	northern part	5420
背后	3	bèi hòu	behind; at the back; in the rear	2349
被	3	bèi	quilt; to cover (with); (literary) to suffer (a misfortune)	54
被子	3	bèi zi	quilt	8179
本来	3	běn lái	original; originally; at first	1093
本领	3	běn lǐng	skill; ability; capability	10811
本事	3	běn shì	source material; original story	5333
比较	3	bǐ jiào	to compare; to contrast; comparatively	607
比例	3	bǐ lì	proportion; scale	4723
比赛	3	bǐ sài	competition (sports etc); match; to compete	275
必然	3	bì rán	inevitable; certain; necessity	5199
必要	3	bì yào	necessary; essential; indispensable	1191
变化	3	biàn huà	(intransitive) to change; to vary; change; variation	1262
变为	3	biàn wéi	to change into	8495
标题	3	biāo tí	title; heading; headline	8578
标准	3	biāo zhǔn	standard; norm; criterion; (adjective) standard; good; correct; conforming to a standard	1317
表达	3	biǎo dá	to express; to convey	1660
表格	3	biǎo gé	form; table	8961
表面	3	biǎo miàn	surface; face; outside	2771
表明	3	biǎo míng	to make clear; to make known; to state clearly	1735
表现	3	biǎo xiàn	to show; to show off; to display	452
表演	3	biǎo yǎn	play; show; performance	1127
并	3	bìng	and; furthermore; also	148
并且	3	bìng qiě	and; besides; moreover	827
播出	3	bō chū	to broadcast; to air (a TV program etc)	4365
播放	3	bō fàng	to broadcast; to transmit (by radio or TV)	3952
补	3	bǔ	to repair; to patch; to mend	2850
补充	3	bǔ chōng	to replenish; to supplement; to complement	4107
不安	3	bù ān	unpeaceful; unstable; uneasy	4472
不必	3	bù bì	need not; does not have to; not necessarily	2029
不得不	3	bù dé bù	have no choice or option but to; cannot but; have to	1606
不断	3	bù duàn	unceasing; uninterrupted; continuous	1245
不光	3	bù guāng	not the only one; not only	7316
不仅	3	bù jǐn	not just; not limited to; (as a correlative conjunction) not only (..., but also ...)	1467
不论	3	bù lùn	whatever; no matter what (who, how etc); regardless of	3411
布	3	bù	variant of 布; to announce; to spread	1694
步	3	Bù	surname Bu	972
部	3	bù	ministry; department; section	426
部门	3	bù mén	department; branch; section	992
部长	3	bù zhǎng	head of a (government etc) department; section chief; section head	3538
才能	3	cái néng	talent; ability; capacity	3200
采取	3	cǎi qǔ	to adopt or carry out (measures, policies, course of action); to take	1701
采用	3	cǎi yòng	to adopt; to employ; to use	3254
彩色	3	cǎi sè	color; multicolored	7894
曾经	3	céng jīng	once; already; former	723
产生	3	chǎn shēng	to arise; to come into being; to come about; to give rise to; to bring into being; to bring about; to produce; to engender; to generate	1155
厂	3	hǎn	"cliff" radical in Chinese characters (Kangxi radical 27), occurring in 原, 历, 压 etc	2329
场合	3	chǎng hé	situation; occasion; context	4974
场所	3	chǎng suǒ	location; place	4680
超级	3	chāo jí	super-; ultra-; hyper-	1582
朝	3	Cháo	abbr. for 朝鲜 Korea	1321
吵	3	chǎo	to quarrel; to make a noise; noisy	2738
吵架	3	chǎo jià	to quarrel; to have a row; quarrel	4413
衬衫	3	chèn shān	shirt; blouse	4988
衬衣	3	chèn yī	shirt	10289
称为	3	chēng wéi	to be called; to be known as; to call it "..."	2946
成功	3	Chéng gōng	Chenggong or Chengkung town in Taitung County 台东县, southeast Taiwan	476
成果	3	chéng guǒ	result; achievement; gain	3448
成就	3	chéng jiù	accomplishment; success; achievement	3075
成立	3	chéng lì	to establish; to set up; to be tenable	2498
成熟	3	chéng shú	mature; ripe; to mature; to ripen; Taiwan pr. [chéng shóu]	1955
成员	3	chéng yuán	member	1425
成长	3	chéng zhǎng	to mature; to grow; growth	2157
城	3	chéng	city walls; city; town	892
城市	3	chéng shì	city; town	593
程度	3	chéng dù	degree; level; extent	1455
持续	3	chí xù	to continue; to persist; to last	1749
充满	3	chōng mǎn	full of; brimming with; very full	1405
初	3	chū	at first; (at the) beginning; first	1869
初步	3	chū bù	initial; preliminary; tentative	4719
初级	3	chū jí	junior; primary	10185
初一	3	chū yī	first day of lunar month; New Year's Day; first year in junior middle school	20062
初中	3	chū zhōng	junior high school (abbr. for 初级中学)	7208
除了	3	chú le	besides; apart from (... also...); in addition to	638
处理	3	chǔ lǐ	to handle; to deal with; to punish; to treat sth by a special process; to process	525
传	3	chuán	to pass on; to spread; to transmit	1294
传播	3	chuán bō	to disseminate; to propagate; to spread	3790
传来	3	chuán lái	(of a sound) to come through; to be heard; (of news) to arrive	5133
传说	3	chuán shuō	legend; folk tale; to repeat from mouth to mouth; they say that...	3138
创新	3	chuàng xīn	to bring forth new ideas; to blaze new trails; innovation	4749
创业	3	chuàng yè	to begin an undertaking; to start a major task; to initiate	10754
创造	3	chuàng zào	to create; to bring about; to produce	1476
创作	3	chuàng zuò	to create; to produce; to write	3475
从来	3	cóng lái	always; at all times; never (if used in negative sentence)	1222
从前	3	cóng qián	previously; formerly; once upon a time	5145
从事	3	cóng shì	to go for; to engage in; to undertake	3339
村	3	cūn	village	2435
存	3	cún	to exist; to deposit; to store	2114
存在	3	cún zài	to exist; to be; existence	621
错误	3	cuò wù	mistaken; false; wrong; error; mistake	1305
达到	3	dá dào	to reach; to achieve; to attain	1234
打破	3	dǎ pò	to break; to smash	3158
打听	3	dǎ ting	to ask about; to make some inquiries; to ask around	7507
大夫	3	dà fū	senior official (in imperial China)	6248
大概	3	dà gài	roughly; probably; rough	1611
大使馆	3	dà shǐ guǎn	embassy	11530
大约	3	dà yuē	approximately; probably	2186
代	3	dài	to substitute; to act on behalf of others; to replace	1458
代表	3	dài biǎo	representative; delegate; to represent	644
代表团	3	dài biǎo tuán	delegation	12795
带动	3	dài dòng	to spur; to provide impetus; to drive	12235
带领	3	dài lǐng	to guide; to lead	4056
单元	3	dān yuán	unit (forming an entity); element; (in a residential building) entrance or staircase	7926
当初	3	dāng chū	at that time; originally	2878
当地	3	dāng dì	local	1609
当然	3	dāng rán	only natural; as it should be; certainly	423
当中	3	dāng zhōng	among; in the middle; in the center	2374
刀	3	Dāo	surname Dao	1285
导演	3	dǎo yǎn	to direct; director (film etc)	2109
到达	3	dào dá	to reach; to arrive	2131
到底	3	dào dǐ	finally; in the end; when all is said and done	741
地区	3	dì qū	local; regional; district (not necessarily formal administrative unit)	1123
得分	3	dé fēn	to score	3694
等待	3	děng dài	to wait; to wait for	1567
底下	3	dǐ xia	the location below sth; afterwards	5997
电视剧	3	diàn shì jù	TV series; TV drama	4222
电视台	3	diàn shì tái	television station	3940
电台	3	diàn tái	transmitter-receiver; broadcasting station; radio station	5542
电子邮件	3	diàn zǐ yóu jiàn	email	9822
调	3	diào	to transfer; to move (troops or cadres); to investigate	1481
调查	3	diào chá	investigation; inquiry; to investigate	512
调整	3	tiáo zhěng	to adjust; adjustment; revision	2032
订	3	dìng	to agree; to conclude; to draw up	2991
定期	3	dìng qī	at set dates; at regular intervals; periodic	7535
东部	3	dōng bù	the east; eastern part	5067
动力	3	dòng lì	motive power; force; (fig.) motivation	2740
动人	3	dòng rén	touching; moving	7579
读者	3	dú zhě	reader	4369
短处	3	duǎn chù	shortcoming; defect; fault	32713
短裤	3	duǎn kù	short pants; shorts	9325
短期	3	duǎn qī	short term; short-term	5844
断	3	duàn	to break; to snap; to cut off	1707
队员	3	duì yuán	team member	1688
对待	3	duì dài	to treat; treatment	2429
对方	3	duì fāng	the other person; the other side; the other party	1158
对手	3	duì shǒu	opponent; rival; competitor	1603
对象	3	duì xiàng	target; object; partner; boyfriend; girlfriend	1912
顿	3	dùn	to stop; to pause; to arrange	1617
发表	3	fā biǎo	to issue; to publish	1771
发出	3	fā chū	to issue (an order, decree etc); to send out; to dispatch; to produce (a sound); to let out (a laugh)	1978
发达	3	fā dá	well-developed; flourishing; to develop; to promote; to expand; (literary) to achieve fame and fortune; to prosper	5763
发动	3	fā dòng	to start; to launch; to unleash	3090
发明	3	fā míng	to invent; an invention	3943
发生	3	fā shēng	to happen; to occur; to take place; to break out	211
发送	3	fā sòng	to transmit; to dispatch; to issue (an official document or credential)	4350
发言	3	fā yán	to make a speech; statement; utterance	4527
发展	3	fā zhǎn	development; growth; to develop	859
反对	3	fǎn duì	to oppose; to be against; to object to	1381
反复	3	fǎn fù	variant of 反复	4626
反应	3	fǎn yìng	to react; to respond; reaction	1118
反正	3	fǎn zhèng	anyway; in any case; to come over from the enemy's side	1968
范围	3	fàn wéi	range; scope; limit	1325
方式	3	fāng shì	way; manner; style; mode; pattern	513
防	3	fáng	to protect; to defend; to guard against	2008
防止	3	fáng zhǐ	to prevent; to guard against; to take precautions	3244
房东	3	fáng dōng	landlord	9478
房屋	3	fáng wū	house; building	3692
房租	3	fáng zū	rent for a room or house	9307
访问	3	fǎng wèn	to visit; to call on; to interview	3182
放到	3	fàng dào	Put in	3107
飞行	3	fēi xíng	(of planes etc) to fly; flying; flight	2835
费	3	Fèi	surname Fei	1997
费用	3	fèi yòng	cost; expenditure; expense	2364
分别	3	fēn bié	to part; to leave each other; to distinguish; to tell apart; difference; distinction	2885
分配	3	fēn pèi	to distribute; to assign; to allocate	3851
分组	3	fēn zǔ	to divide into groups; group (formed from a larger group); subgroup	11653
丰富	3	fēng fù	to enrich; rich; plentiful	2739
风险	3	fēng xiǎn	risk; hazard	1705
否定	3	fǒu dìng	to negate; to deny; to reject	6489
否认	3	fǒu rèn	to declare to be untrue; to deny	3559
服务员	3	fú wù yuán	waiter; waitress; attendant	5531
服装	3	fú zhuāng	dress; clothing; costume	2475
福	3	Fú	surname Fu; abbr. for Fujian province 省	2845
父母	3	fù mǔ	father and mother; parents	891
父亲	3	fù qīn	father; also pr. [fù qin]	817
付	3	Fù	surname Fu	1840
负责	3	fù zé	to be in charge of; to take responsibility for; to be to blame	876
复印	3	fù yìn	to photocopy; to duplicate a document	14608
复杂	3	fù zá	complicated; complex	1657
富	3	Fù	surname Fu	3016
改进	3	gǎi jìn	to improve; to make better; improvement	4265
改造	3	gǎi zào	to transform; to reform; to remodel	3348
概念	3	gài niàn	concept; idea	3465
赶	3	gǎn	to overtake; to catch up with; to hurry; to rush; to try to catch (the bus etc)	2113
赶到	3	gǎn dào	to hurry (to some place)	2860
赶紧	3	gǎn jǐn	hurriedly; without delay	1994
赶快	3	gǎn kuài	quickly; at once	2729
敢	3	gǎn	to dare; daring; (polite) may I venture	902
感冒	3	gǎn mào	to catch cold; (common) cold; (coll.) to be interested in (often used in the negative)	3621
感情	3	gǎn qíng	emotion; sentiment; affection	1257
感受	3	gǎn shòu	to sense; perception; to feel (through the senses)	1286
干吗	3	gàn má	see 干嘛	5989
高速	3	gāo sù	high speed; expressway (abbr. for 路)	3638
高速公路	3	gāo sù gōng lù	expressway; highway; freeway	5363
告别	3	gào bié	to leave; to part from; to bid farewell to; to say goodbye to	4591
歌迷	3	gē mí	fan of a singer	6912
歌声	3	gē shēng	singing voice; fig. original voice of a poet	6372
歌手	3	gē shǒu	singer	3028
个人	3	gè rén	individual; personal; oneself	636
个性	3	gè xìng	individuality; personality	2614
各	3	gè	each; every	1022
各地	3	gè dì	in all parts of (a country); various regions	3044
各位	3	gè wèi	everybody; all (guests, colleagues etc); all of you	786
各种	3	gè zhǒng	every kind of; all kinds of; various	1510
各自	3	gè zì	each; respective; apiece	3398
根本	3	gēn běn	fundamental; basic; root	591
更加	3	gèng jiā	more (than sth else); even more	1185
工厂	3	gōng chǎng	factory	2656
工程师	3	gōng chéng shī	engineer	5605
工夫	3	gōng fū	(old) laborer	10723
工具	3	gōng jù	tool; instrument; utensil	2299
工业	3	gōng yè	industry	3316
工资	3	gōng zī	wages; pay	2532
公布	3	gōng bù	to announce; to make public; to publish	2655
公共	3	gōng gòng	public; common; communal	2356
公开	3	gōng kāi	open; overt; public; to make public; to release	1840
公民	3	gōng mín	citizen	2877
公务员	3	gōng wù yuán	functionary; office-bearer	8047
功夫	3	gōng fu	skill; art; kung fu	3675
功课	3	gōng kè	homework; assignment; task	9040
功能	3	gōng néng	function; capability	2138
共同	3	gòng tóng	common; joint; jointly	1623
共有	3	gòng yǒu	to have altogether; in all	5958
姑娘	3	gū niang	girl; young woman; young lady	1474
古	3	Gǔ	surname Gu	2558
古代	3	gǔ dài	ancient times	6123
故乡	3	gù xiāng	home; homeland; native place	9198
挂	3	guà	to hang or suspend (from a hook etc); to hang up (the phone); (of a line) to be dead	1092
关系	3	guān xi	relation; relationship; to concern	318
关注	3	guān zhù	to pay attention to; to follow sth closely; to follow (on social media)	1125
观察	3	guān chá	to observe; to watch; to survey	1708
观看	3	guān kàn	to watch; to view	3644
观念	3	guān niàn	notion; thought; concept	4558
观众	3	guān zhòng	spectators; audience; visitors (to an exhibition etc)	1260
管	3	guǎn	variant of 管	545
管理	3	guǎn lǐ	to supervise; to manage; to administer	1202
光	3	guāng	light; ray; bright; shiny; only; merely	800
光明	3	guāng míng	light; radiance; (fig.) bright (prospects etc)	5030
广播	3	guǎng bō	broadcast; broadcasting; to broadcast	3320
广大	3	guǎng dà	(of an area) vast or extensive; large-scale; widespread	9553
规定	3	guī dìng	to stipulate; to specify; to prescribe; to fix (a price); to set (a quota); regulations; rules; provisions; stipulations	1151
规范	3	guī fàn	norm; standard; specification	6609
国内	3	guó nèi	domestic; internal (to a country); civil	3134
国庆	3	Guó qìng	National Day	13274
果然	3	guǒ rán	really; sure enough; as expected	3104
果汁	3	guǒ zhī	fruit juice	7765
过程	3	guò chéng	course of events; process	1002
哈哈	3	hā hā	(onom.) laughing out loud	1389
海关	3	hǎi guān	customs (i.e. border crossing inspection)	7955
害怕	3	hài pà	to be afraid; to be scared	1536
好好	3	hǎo hǎo	well; carefully; nicely	752
好奇	3	hào qí	inquisitive; curious; inquisitiveness	3798
合	3	gě	100 ml; one-tenth of a peck; measure for dry grain equal to one-tenth of sheng 升 or liter, or one-hundredth dou 斗	1643
合法	3	hé fǎ	lawful; legitimate; legal	2570
合格	3	hé gé	to meet the standard required; qualified; eligible (voter etc)	5048
合理	3	hé lǐ	rational; reasonable; sensible; fair	1935
合作	3	hé zuò	to cooperate; to collaborate; to work together	668
和平	3	Hé píng	Heping District of Shenyang city 沈阳市, Liaoning; Heping or Hoping Township in Taichung County 台中县, Taiwan	1750
红茶	3	hóng chá	black tea	21109
红酒	3	hóng jiǔ	red wine	1000000
后果	3	hòu guǒ	consequences; aftermath	3157
后面	3	hòu mian	the back; the rear; the last bit; behind; near the end; at the back; later; afterwards	1300
后年	3	hòu nián	the year after next	45713
互联网	3	Hù lián wǎng	Internet	4872
互相	3	hù xiāng	each other; mutually; mutual	2091
华人	3	Huá rén	ethnic Chinese person or people	14189
化	3	huā	variant of 花	2027
划船	3	huá chuán	to row a boat; rowing boat; rowing (sport)	21694
话剧	3	huà jù	stage play; modern drama	11486
话题	3	huà tí	subject (of a talk or conversation); topic	2557
环	3	Huán	surname Huan	2712
环保	3	huán bǎo	environmental protection; environmentally friendly; abbr. for 环境保护	4327
环境	3	huán jìng	environment; circumstances; surroundings	1171
欢乐	3	huān lè	gaiety; gladness; glee	3660
会议	3	huì yì	meeting; conference	928
会员	3	huì yuán	member	4022
活	3	huó	to live; alive; living	556
火	3	Huǒ	surname Huo	1181
机器	3	jī qì	machine	2625
积极	3	jī jí	active; energetic; vigorous	2212
积极性	3	jī jí xìng	zeal; initiative; enthusiasm	18743
基本	3	jī běn	basic; fundamental; main	1095
基本上	3	jī běn shang	basically; on the whole	3705
基础	3	jī chǔ	base; foundation; basis; basic; fundamental	2135
及时	3	jí shí	timely; at the right time; promptly; without delay	2280
极了	3	jí le	extremely; exceedingly	575
集体	3	jí tǐ	collective (decision); joint (effort); a group	3804
集中	3	jí zhōng	to concentrate; to centralize; to focus	1271
计算	3	jì suàn	to count; to calculate; to compute	2980
记录	3	jì lù	to record; record (written account); note-taker	1305
记者	3	jì zhě	reporter; journalist	844
纪录	3	jì lù	variant of 记录 (but in Taiwan, not for the verb sense "to record")	3694
纪念	3	jì niàn	to commemorate; to honor the memory of; memento; keepsake; souvenir	2842
技术	3	jì shù	technology; technique; skill	758
继续	3	jì xù	to continue; to proceed with; to go on with	285
加工	3	jiā gōng	to process; processing; working (of machinery)	6286
加快	3	jiā kuài	to accelerate; to speed up	3846
加强	3	jiā qiáng	to reinforce; to strengthen; to enhance	3019
家具	3	jiā jù	furniture	4188
家属	3	jiā shǔ	family member; (family) dependent	5115
家乡	3	jiā xiāng	hometown; native place	4334
价格	3	jià gé	price	1783
价钱	3	jià qian	price	5854
价值	3	jià zhí	value; worth; fig. values (ethical, cultural etc)	1136
架	3	jià	to support; frame; rack	1375
坚持	3	jiān chí	to persevere with; to persist in; to insist on	751
坚决	3	jiān jué	firm; resolute; determined	5120
坚强	3	jiān qiáng	staunch; strong	2557
简单	3	jiǎn dān	simple; not complicated	726
简直	3	jiǎn zhí	simply; really	1797
建	3	jiàn	to establish; to found; to set up	1679
建成	3	jiàn chéng	to establish; to build	7497
建立	3	jiàn lì	to establish; to set up; to found	1182
建设	3	jiàn shè	to build; to construct; to establish; to develop; to institute	4276
建议	3	jiàn yì	to propose; to suggest; to recommend; proposal; suggestion; recommendation	782
将近	3	jiāng jìn	almost; nearly; close to	7225
将来	3	jiāng lái	in the future; future; the future	2601
交费	3	jiāo fèi	to pay a fee	24178
交警	3	jiāo jǐng	traffic police (abbr. for 察)	12361
交流	3	jiāo liú	to exchange; exchange; communication	1828
交往	3	jiāo wǎng	to associate (with); to have contact (with); to hang out (with)	3394
交易	3	jiāo yì	to deal; to trade; to transact; transaction; deal	880
较	3	jiào	to compare; to dispute; compared to	2836
教材	3	jiào cái	teaching material	16199
教练	3	jiào liàn	instructor; sports coach; trainer	1838
接待	3	jiē dài	to receive (a visitor); to admit (allow sb to enter)	5407
接近	3	jiē jìn	to approach; to get close to	1720
节约	3	jié yuē	to economize; to conserve (resources); economy	7912
结合	3	jié hé	to combine; to link; to integrate	2371
结婚	3	jié hūn	to marry; to get married	982
结实	3	jiē shí	to bear fruit	10419
结束	3	jié shù	termination; to finish; to end	498
解决	3	jiě jué	to solve; to resolve; to settle (a problem); to eliminate; to wipe out (an enemy, bandits etc)	458
解开	3	jiě kāi	to untie; to undo; to solve (a mystery)	7102
金	3	Jīn	surname Jin; surname Kim (Korean); Jurchen Jin dynasty (1115-1234)	828
金牌	3	jīn pái	gold medal	5592
仅	3	jǐn	barely; only; merely	1086
仅仅	3	jǐn jǐn	barely; only; merely	2128
尽量	3	jǐn liàng	as much as possible; to the greatest extent	2279
紧	3	jǐn	tight; strict; close at hand	1601
紧急	3	jǐn jí	urgent; emergency	2072
紧张	3	jǐn zhāng	nervous; keyed up; intense	1073
近期	3	jìn qī	near in time; in the near future; very soon	6658
进步	3	jìn bù	progress; improvement; to improve; to progress	2425
进一步	3	jìn yī bù	to go a step further; (develop, understand, improve etc) more; further	1996
进展	3	jìn zhǎn	to make headway; to make progress	2151
京剧	3	Jīng jù	Beijing opera	40061
经济	3	jīng jì	economy; economic	1376
经历	3	jīng lì	experience; to experience; to go through	1047
经验	3	jīng yàn	experience; to experience	1269
经营	3	jīng yíng	to engage in (business etc); to run; to operate	1867
精彩	3	jīng cǎi	wonderful; marvelous; brilliant	1320
精神	3	jīng shén	spirit; mind; consciousness	640
景色	3	jǐng sè	scenery; scene; landscape	8954
警察	3	jǐng chá	police; police officer	1128
静	3	jìng	still; calm; quiet	3112
久	3	jiǔ	(long) time; (long) duration of time	1103
旧	3	jiù	old; opposite: new 新; former	1787
救	3	jiù	variant of 救	1217
就是	3	jiù shì	exactly; precisely; only; simply; just; (used correlatively with 也) even; even if	113
就业	3	jiù yè	to get a job; employment	7863
举办	3	jǔ bàn	to conduct; to hold	2669
具体	3	jù tǐ	concrete; definite; specific	1638
具有	3	jù yǒu	to have; to possess	1749
剧场	3	jù chǎng	theater	7765
据说	3	jù shuō	it is said that; reportedly	3486
决定	3	jué dìng	to decide (to do something); to resolve; decision	366
决赛	3	jué sài	finals (of a competition)	2326
决心	3	jué xīn	determination; resolution; determined	4092
绝对	3	jué duì	absolute; unconditional	744
咖啡	3	kā fēi	coffee (loanword)	1698
开发	3	kāi fā	to exploit (a resource); to open up (for development); to develop	2981
开放	3	kāi fàng	to bloom; to open; to be open (to the public)	3036
开始	3	kāi shǐ	to begin; beginning; to start	132
开业	3	kāi yè	to open a business; to open a practice; open (for business)	7802
开展	3	kāi zhǎn	to launch; to develop; to unfold	6041
看起来	3	kàn qǐ lai	seemingly; apparently; looks as if	3085
看上去	3	kàn shang qu	it would appear; it seems (that)	2674
考验	3	kǎo yàn	to test; to put to the test; trial	3850
科技	3	kē jì	science and technology	2094
可靠	3	kě kào	reliable	4079
可乐	3	kě lè	amusing; entertaining; (loanword) cola	6636
克服	3	kè fú	(try to) overcome (hardships etc); to conquer; to put up with	4119
客观	3	kè guān	objective; impartial	5447
课程	3	kè chéng	course; academic program	3080
空	3	kōng	empty; air; sky	1345
空调	3	kōng tiáo	air conditioning; air conditioner (including units that have a heating mode)	4763
空儿	3	kòng r	spare time; free time	34728
恐怕	3	kǒng pà	fear; to dread; I'm afraid that...	2245
裤子	3	kù zi	variant of 裤子, trousers; pants	3765
快速	3	kuài sù	fast; high-speed; rapid	2309
困	3	kùn	to trap; to surround; hard-pressed	1868
困难	3	kùn nan	difficult; challenging; straitened circumstances	1141
浪费	3	làng fèi	to waste; to squander	1924
老百姓	3	lǎo bǎi xìng	ordinary people; the "person in the street"	7618
老板	3	lǎo bǎn	variant of 老板	1185
老太太	3	lǎo tài tai	elderly lady (respectful); esteemed mother	7407
老头儿	3	lǎo tóu r	see 老头子	21642
乐	3	Lè	surname Le	1572
乐队	3	yuè duì	band; pop group	3860
乐观	3	lè guān	optimistic; hopeful	4002
类	3	lèi	kind; type; class	1096
类似	3	lèi sì	similar; analogous	2276
离婚	3	lí hūn	to divorce	2723
里面	3	lǐ miàn	inside; interior; also pr. [lǐ mian]	648
理发	3	lǐ fà	to get a haircut; to have one's hair done; to cut (sb's) hair; to give (sb) a haircut	13406
理解	3	lǐ jiě	to comprehend; to understand	884
理论	3	lǐ lùn	theory; to argue; to take notice of	1462
理由	3	lǐ yóu	reason; grounds; justification	1280
力	3	Lì	surname Li	851
力量	3	lì liang	power; force; strength	900
立刻	3	lì kè	forthwith; immediate; prompt	1875
利用	3	lì yòng	to exploit; to make use of; to use	766
连	3	Lián	surname Lian	406
连忙	3	lián máng	promptly; at once	50741
连续	3	lián xù	continuous; in a row; serial	2315
连续剧	3	lián xù jù	serialized drama; dramatic series; show in parts	14541
联合	3	lián hé	to combine; to join; unite	2190
联合国	3	Lián hé guó	United Nations	4037
联系	3	lián xì	variant of 联系	667
凉水	3	liáng shuǐ	cool water; unboiled water	25250
领	3	lǐng	neck; collar; to lead	2044
领导	3	lǐng dǎo	lead; leading; to lead	1433
领先	3	lǐng xiān	to lead; to be in front	2791
另外	3	lìng wài	additional; in addition; besides	725
另一方面	3	lìng yī fāng miàn	on the other hand; another aspect	4851
留学	3	liú xué	to study abroad	15630
龙	3	Lóng	surname Long	1547
录	3	lù	to carve wood	2200
录音	3	lù yīn	to record (sound); sound recording	5402
路线	3	lù xiàn	itinerary; route; political line (e.g. right revisionist road)	2824
旅馆	3	lǚ guǎn	hotel	5705
旅行社	3	lǚ xíng shè	travel agency	11103
绿茶	3	lǜ chá	green tea; (slang) (of a girl) seemingly innocent and charming but actually calculating and manipulative; a girl who has these qualities	15567
乱	3	luàn	in confusion or disorder; in a confused state of mind; disorder	1206
落后	3	luò hòu	to fall behind; to lag (in technology etc); backward	3824
麻烦	3	má fan	trouble; inconvenience; inconvenient; troublesome; annoying; to bother sb; to put sb to trouble	1492
马	3	Mǎ	surname Ma; abbr. for Malaysia 马来西亚	605
满足	3	mǎn zú	to satisfy; to meet (the needs of); satisfied	1555
慢慢	3	màn màn	slowly	1664
毛病	3	máo bìng	fault; defect; shortcomings	4966
没用	3	méi yòng	useless	4841
媒体	3	méi tǐ	media, esp. news media	1246
每	3	měi	each; every	340
美	3	Měi	(bound form) the Americas (abbr. for 洲); (bound form) USA (abbr. for 美国)	343
美好	3	měi hǎo	beautiful; fine	1500
美丽	3	měi lì	beautiful	1262
美食	3	měi shí	culinary delicacy; fine food; gourmet food	6046
美术	3	měi shù	art; fine arts; painting	9170
美元	3	Měi yuán	American dollar; US dollar	516
迷	3	mí	to bewilder; crazy about; fan	2123
面对	3	miàn duì	to face; to confront	973
面积	3	miàn jī	area (of a floor, piece of land etc); surface area; tract of land	6252
民间	3	mín jiān	among the people; popular; folk	7015
民族	3	mín zú	nationality; ethnic group	3724
明确	3	míng què	clear-cut; definite; explicit; to clarify; to specify; to make definite	2369
明显	3	míng xiǎn	clear; distinct; obvious	710
命运	3	mìng yùn	fate; destiny	2268
某	3	mǒu	some; a certain; sb or sth indefinite	913
母亲	3	mǔ qīn	mother; also pr. [mǔ qin]	983
木头	3	mù tou	slow-witted; blockhead; log (of wood, timber etc)	8812
目标	3	mù biāo	target; goal; objective	657
目前	3	mù qián	at the present time; currently	603
奶茶	3	nǎi chá	milk tea	20075
男子	3	nán zǐ	a man; a male	2377
南部	3	nán bù	southern part	4773
难道	3	nán dào	don't tell me ...; could it be that...?	1147
难度	3	nán dù	degree of difficulty	4295
内	3	nèi	inside; inner; internal	319
内容	3	nèi róng	content; substance; details	1246
内心	3	nèi xīn	heart; innermost being; (math.) incenter	1974
能不能	3	néng bùnéng	Can you	3153
能力	3	néng lì	capability; ability	534
年初	3	nián chū	beginning of the year	18414
年代	3	nián dài	a decade of a century (e.g. the Sixties); age; era	1430
年底	3	nián dǐ	the end of the year; year-end	12203
年纪	3	nián jì	age	3247
念	3	niàn	variant of 念, to read aloud	2410
牛	3	Niú	surname Niu	1148
农村	3	nóng cūn	rural area; village	8305
农民	3	nóng mín	peasant; farmer	3710
农业	3	nóng yè	agriculture; farming	6155
女子	3	nǚ zǐ	woman; female	2271
暖和	3	nuǎn huo	warm; nice and warm	8118
拍	3	pāi	to pat; to clap; to slap	567
排名	3	pái míng	to rank (1st, 2nd etc); ranking	4870
牌子	3	pái zi	sign; trademark; brand	5484
派	3	pài	clique; school; group	751
判断	3	pàn duàn	to judge; to determine; judgment	2480
胖	3	pán	healthy; at ease	2396
跑步	3	pǎo bù	to run; to jog; (military) to march at the double	7199
配	3	pèi	to join; to fit; to mate	1557
配合	3	pèi hé	matching; fitting in with; compatible with	2349
批评	3	pī píng	to criticize; criticism	3504
批准	3	pī zhǔn	to approve; to ratify	2614
皮	3	Pí	surname Pi	1409
皮包	3	pí bāo	handbag; briefcase	14469
啤酒	3	pí jiǔ	beer (loanword)	2622
票价	3	piào jià	ticket price; fare; admission fee	13687
评价	3	píng jià	to evaluate; to assess	2119
苹果	3	píng guǒ	apple	2562
破	3	pò	broken; damaged; worn out	1272
破坏	3	pò huài	destruction; damage; to wreck	1527
普遍	3	pǔ biàn	universal; general; widespread	5800
普及	3	pǔ jí	to spread extensively; to generalize; widespread	17888
期	3	qī	variant of 期; period; cycle	1473
齐	3	Qí	(name of states and dynasties at several different periods); surname Qi	2763
其次	3	qí cì	next; secondly	3998
其实	3	qí shí	actually; in fact; really	405
奇怪	3	qí guài	strange; odd; to marvel	1655
气候	3	qì hòu	(meteorology) climate; (fig.) climate; prevailing conditions (in human affairs)	6570
千万	3	qiān wàn	ten million; countless; many	1708
前后	3	qián hòu	around; from beginning to end; all around	6275
前进	3	qián jìn	to go forward; to forge ahead; to advance	2618
前面	3	qián miàn	ahead; in front; preceding	1789
前往	3	qián wǎng	to leave for; to proceed towards; to go to	2491
强	3	Qiáng	surname Qiang	529
强大	3	qiáng dà	large; formidable; powerful	1814
强调	3	qiáng diào	to emphasize (a statement); to stress	3839
强烈	3	qiáng liè	strong; intense	2212
桥	3	qiáo	bridge	2120
巧	3	qiǎo	opportunely; coincidentally; as it happens	4427
亲	3	qīn	parent; one's own (flesh and blood); relative	1044
亲切	3	qīn qiè	amiable; cordial; close and dear	6543
亲人	3	qīn rén	one's close relatives	4699
亲自	3	qīn zì	personally; in person; oneself	2353
情感	3	qíng gǎn	feeling; emotion; to move (emotionally)	2942
情况	3	qíng kuàng	circumstances; state of affairs; situation	245
请教	3	qǐng jiào	to ask for guidance; to consult	11806
庆祝	3	qìng zhù	to celebrate	2543
球迷	3	qiú mí	fan (ball sports)	4097
区	3	Oū	surname Ou	638
区别	3	qū bié	difference; to distinguish; to discriminate	2566
取消	3	qǔ xiāo	to cancel; cancellation	1880
去世	3	qù shì	to pass away; to die	3502
全场	3	quán chǎng	everyone present; the whole audience; across-the-board	5847
全面	3	quán miàn	all-around; comprehensive; total	2552
全球	3	quán qiú	entire; total; global	1858
缺	3	quē	deficiency; lack; scarce	2448
缺点	3	quē diǎn	weak point; fault; shortcoming	5178
缺少	3	quē shǎo	lack; shortage of; shortfall	4326
确保	3	què bǎo	to ensure; to guarantee	1674
确定	3	què dìng	definite; certain; fixed	651
确实	3	què shí	indeed; really; reliable	850
裙子	3	qún zi	skirt	5466
群	3	qún	variant of 群	1165
热爱	3	rè ài	to love ardently; to adore	4185
热烈	3	rè liè	enthusiastic; ardent; warm	4022
人才	3	rén cái	talent; talented person; looks	2673
人工	3	rén gōng	artificial; manpower; manual work	5772
人类	3	rén lèi	humanity; human race; mankind	1038
人民	3	rén mín	the people	970
人民币	3	rén mín bì	Renminbi (RMB); Chinese Yuan (CNY)	21641
人群	3	rén qún	crowd	2966
人生	3	rén shēng	life (one's time on earth)	926
人员	3	rén yuán	staff; crew; personnel	671
认出	3	rèn chū	recognition; to recognize	6504
认得	3	rèn de	to recognize; to remember sth (or sb) on seeing it; to know	9203
认可	3	rèn kě	to approve; approval; acknowledgment	5077
任	3	Rén	surname Ren; Ren County 任县 in Hebei	1943
任何	3	rèn hé	any; whatever; whichever	356
任务	3	rèn wu	mission; assignment; task; duty; role	664
仍	3	réng	still; yet; to remain; (literary) frequently; often	1050
仍然	3	réng rán	still; as before; yet	1029
日常	3	rì cháng	day-to-day; daily; everyday	5145
容易	3	róng yì	easy; straightforward; likely; liable to; apt to	664
如何	3	rú hé	how; what way; what	391
散步	3	sàn bù	to take a walk; to go for a walk	6153
沙发	3	shā fā	sofa (loanword); (Internet slang) the first reply or replier to a forum post	3832
沙子	3	shā zi	sand; grit	11546
伤	3	shāng	to injure; injury; wound	715
伤心	3	shāng xīn	to grieve; to be broken-hearted; to feel deeply hurt	2543
商品	3	shāng pǐn	commodity; goods; merchandise	3735
商业	3	shāng yè	business; trade; commerce	2129
上来	3	shàng lái	to come up; to approach; (verb complement indicating success)	3160
上面	3	shàng miàn	on top of; above-mentioned; also pr. [shàng mian]	1248
上去	3	shàng qù	to go up	2127
上升	3	shàng shēng	to rise; to go up; to ascend	2810
上衣	3	shàng yī	jacket; upper outer garment	7489
设备	3	shè bèi	equipment; facilities; installations	1590
设计	3	shè jì	to design; to plan; design; plan	765
设立	3	shè lì	to set up; to establish	5179
社会	3	shè huì	society	836
身份证	3	shēn fèn zhèng	identity card; ID	4226
深	3	shēn	old variant of 深	1014
深刻	3	shēn kè	profound; deep; deep-going	2542
深入	3	shēn rù	to penetrate deeply; thorough	2940
升	3	shēng	to ascend; to rise to the rank of; to promote	1863
生产	3	shēng chǎn	to produce; to manufacture; to give birth to a child	2146
生存	3	shēng cún	to exist; to survive	2389
生动	3	shēng dòng	vivid; lively	7805
生命	3	shēng mìng	life (as the characteristic of living beings); living being; creature	705
生意	3	shēng yì	life force; vitality	2112
生长	3	shēng zhǎng	to grow; to grow up; to be brought up	4189
声明	3	shēng míng	to state; to declare; statement	2813
胜	3	shèng	victory; success; to beat	1663
胜利	3	shèng lì	victory	1445
失去	3	shī qù	to lose	949
石头	3	shí tou	stone	3169
石油	3	shí yóu	oil; petroleum	2940
时	3	shí	old variant of 时	115
时代	3	Shí dài	Time, US weekly news magazine	1384
时刻	3	shí kè	time; juncture; moment	1705
实际上	3	shí jì shàng	in fact; in reality; as a matter of fact	1232
实力	3	shí lì	strength	2445
实行	3	shí xíng	to implement; to carry out; to put into practice	4383
实验	3	shí yàn	experiment; test; experimental	1879
实验室	3	shí yàn shì	laboratory	3028
食品	3	shí pǐn	foodstuff; food; provisions	2176
使	3	shǐ	to make; to cause; to enable	400
始终	3	shǐ zhōng	from beginning to end; all along	2984
世纪	3	shì jì	century	1599
世界	3	shì jiè	world	238
世界杯	3	Shì jiè bēi	World Cup	8383
市场	3	shì chǎng	marketplace; market (also in abstract)	1190
事故	3	shì gù	accident	1493
事件	3	shì jiàn	event; happening; incident	973
事实	3	shì shí	fact	1092
事实上	3	shì shí shàng	in fact; in reality; actually	1577
事业	3	shì yè	undertaking; project; activity	1326
试题	3	shì tí	exam question; test topic	18577
试验	3	shì yàn	experiment; test; to experiment	2151
室	3	Shì	surname Shi	1382
适合	3	shì hé	to fit; to suit	1211
适应	3	shì yìng	to adapt; to fit; to suit	2147
适用	3	shì yòng	to be applicable	5429
收费	3	shōu fèi	to charge a fee	4234
收看	3	shōu kàn	to watch (a TV program)	7983
收听	3	shōu tīng	to listen to (a radio broadcast)	9778
收音机	3	shōu yīn jī	radio	9558
手续	3	shǒu xù	procedure; formalities	5265
手指	3	shǒu zhǐ	finger	3266
首都	3	shǒu dū	capital (city)	4483
首先	3	shǒu xiān	first (of all); in the first place	878
受	3	shòu	to receive; to accept; to suffer	393
受伤	3	shòu shāng	to sustain injuries; wounded (in an accident etc); harmed	1454
书架	3	shū jià	bookshelf	16554
输	3	shū	to lose; to be beaten; (bound form) to transport; (literary) to donate; to contribute	1403
输入	3	shū rù	to import; to input	4724
熟人	3	shú rén	acquaintance; friend	8931
属	3	shǔ	category; genus (taxonomy); family members	3739
属于	3	shǔ yú	to be classified as; to belong to; to be part of	1036
束	3	Shù	surname Shu	6473
数量	3	shù liàng	amount; quantity; quantitative	2916
双	3	Shuāng	surname Shuang	642
双方	3	shuāng fāng	bilateral; both sides; both parties involved	2714
思想	3	sī xiǎng	thought; thinking; idea	1525
死	3	sǐ	to die; impassable; uncrossable	177
速度	3	sù dù	speed; rate; velocity	1337
随	3	Suí	surname Sui	915
所	3	suǒ	actually; place; classifier for houses, small buildings, institutions etc	159
所长	3	suǒ cháng	what one is good at	13535
台	3	Tái	Taiwan (abbr.); surname Tai	696
谈	3	Tán	surname Tan	862
谈话	3	tán huà	to talk (with sb); to have a conversation; talk	3136
谈判	3	tán pàn	to negotiate; negotiation; talks	2830
汤	3	Tāng	surname Tang	2237
糖	3	táng	sugar; sweets; candy	2036
特色	3	tè sè	characteristic; distinguishing feature or quality	4212
提前	3	tí qián	to shift to an earlier date; to do sth ahead of time; in advance	2206
提问	3	tí wèn	to question; to quiz; to grill	5085
题目	3	tí mù	subject; title; topic	7020
体会	3	tǐ huì	to know from experience; to learn through experience; to realize	3605
体现	3	tǐ xiàn	to embody; to reflect; to incarnate	4185
体验	3	tǐ yàn	to experience for oneself	2553
天空	3	tiān kōng	sky	3292
甜	3	tián	sweet	2472
跳	3	tiào	to jump; to hop; to skip over	1099
跳高	3	tiào gāo	high jump (athletics)	29918
跳舞	3	tiào wǔ	to dance	3920
跳远	3	tiào yuǎn	long jump (athletics)	40040
铁	3	Tiě	surname Tie	2193
铁路	3	tiě lù	railroad; railway	4310
听力	3	tīng lì	hearing; listening ability	10212
听众	3	tīng zhòng	audience; listeners	8461
停止	3	tíng zhǐ	to stop; to halt; to cease	1632
通常	3	tōng cháng	regular; usual; normal	1897
通信	3	tōng xìn	to correspond (by letter etc); to communicate; communication	4315
同意	3	tóng yì	to agree; to consent; to approve	985
痛	3	tòng	ache; pain; sorrow	1254
痛苦	3	tòng kǔ	pain; suffering; painful	1336
头脑	3	tóu nǎo	brains; mind; skull	4295
突出	3	tū chū	prominent; outstanding; to give prominence to	3980
突然	3	tū rán	sudden; abrupt; unexpected	644
图	3	tú	diagram; picture; drawing	1231
图画	3	tú huà	drawing; picture	14983
土	3	Tǔ	Tu (ethnic group); surname Tu	2399
团	3	tuán	round; lump; ball	1597
团结	3	tuán jié	to unite; unity; solidarity	3060
团体	3	tuán tǐ	group; organization; team	3675
推动	3	tuī dòng	to push (e.g. for acceptance of a plan); to promote; to give impetus to	5417
推广	3	tuī guǎng	to extend; to spread; to popularize	6093
推进	3	tuī jìn	to impel; to carry forward; to push on	3651
推开	3	tuī kāi	to push open (a gate etc); to push away; to reject	9319
退	3	tuì	to retreat; to withdraw; to reject; to return (sth); to decline	1809
退出	3	tuì chū	to withdraw; to abort; to quit	2723
退休	3	tuì xiū	to retire (from the workforce); to go into retirement	3442
外交	3	wài jiāo	diplomacy; diplomatic; foreign affairs	5317
外面	3	wài miàn	outside (also pr. [wài mian] for this sense); surface; exterior	1352
外文	3	wài wén	foreign language (written)	32623
完美	3	wán měi	perfect	1292
完善	3	wán shàn	(of systems, facilities etc) comprehensive; well-developed; excellent	5660
完整	3	wán zhěng	complete; intact	2824
玩具	3	wán jù	plaything; toy	3240
往往	3	wǎng wǎng	usually; in many cases; more often than not	4050
危害	3	wēi hài	to jeopardize; to harm; to endanger	5260
危险	3	wēi xiǎn	danger; dangerous	1201
围	3	Wéi	surname Wei	2818
伟大	3	wěi dà	huge; great; grand; worthy of the greatest admiration; important (contribution etc)	1387
卫生	3	wèi shēng	health; hygiene; sanitation	3002
卫生间	3	wèi shēng jiān	bathroom; toilet; WC	7314
为了	3	wèi le	for; for the purpose of; in order to	229
温暖	3	wēn nuǎn	warm	2753
文化	3	wén huà	culture; civilization; cultural	1632
文件	3	wén jiàn	document; file	1342
文明	3	wén míng	civilized; civilization; culture	3200
文学	3	wén xué	literature	4277
文章	3	wén zhāng	article; essay; literary works	1958
文字	3	wén zì	character; script; writing	4168
握手	3	wò shǒu	to shake hands	6920
屋子	3	wū zi	house; room	4296
武器	3	wǔ qì	weapon; arms	1505
武术	3	wǔ shù	military skill or technique (in former times); all kinds of martial art sports (some claiming spiritual development); self-defense	9314
舞台	3	wǔ tái	(lit. and fig.) stage; arena	2023
希望	3	xī wàng	to hope; a hope; a wish	182
系	3	xì	to connect; to relate to; to tie up	1415
西部	3	xī bù	western part	3207
下来	3	xià lai	to come down; (completed action marker); (after verb of motion, indicates motion down and towards us, also fig.)	628
下面	3	xià miàn	below; under; next	1459
下去	3	xià qù	to go down; to descend; to go on	838
先进	3	xiān jìn	advanced (technology); to advance	3190
显得	3	xiǎn de	to seem; to look; to appear	2352
显然	3	xiǎn rán	clearly; evidently; obviously	1345
显示	3	xiǎn shì	to show; to illustrate; to display	1030
现场	3	xiàn chǎng	the scene (of a crime, accident etc); (on) the spot; (at) the site	627
现代	3	Xiàn dài	Hyundai, South Korean company	2512
现代化	3	xiàn dài huà	modernization	10626
现金	3	xiàn jīn	cash	2030
现实	3	xiàn shí	reality; actuality; real	1237
现象	3	xiàn xiàng	phenomenon; appearance	2440
线	3	xiàn	variant of 线	679
相比	3	xiāng bǐ	to compare	2934
相当	3	xiāng dāng	equivalent to; appropriate; considerably	1139
相关	3	xiāng guān	related; relevant; pertinent	1782
相互	3	xiāng hù	each other; mutual	2492
相似	3	xiāng sì	similar; alike	4024
香	3	xiāng	fragrant; sweet smelling; aromatic	1953
香蕉	3	xiāng jiāo	banana	5473
消费	3	xiāo fèi	to consume; to spend	4382
消失	3	xiāo shī	to disappear; to fade away	1528
消息	3	xiāo xi	news; information	448
效果	3	xiào guǒ	result; effect; efficacy	1352
写作	3	xiě zuò	to write; to compose; writing	5219
心	3	xīn	heart; mind; intention	291
信封	3	xìn fēng	envelope	10268
信任	3	xìn rèn	to trust; to have confidence in	1963
行李	3	xíng li	luggage	4886
形成	3	xíng chéng	to form; to take shape	2335
形式	3	xíng shì	outer appearance; form; shape	2476
形象	3	xíng xiàng	image; form; figure	2124
形状	3	xíng zhuàng	form; shape	5839
幸福	3	xìng fú	happiness; happy; blessed	928
幸运	3	xìng yùn	fortunate; lucky; fortune	1830
性	3	xìng	nature; character; property	775
性别	3	xìng bié	gender; sex	6513
性格	3	xìng gé	nature; disposition; temperament	3053
修	3	Xiū	surname Xiu	1778
修改	3	xiū gǎi	to amend; to alter; to modify	3871
需求	3	xū qiú	requirement; to require; (economics) demand	3122
需要	3	xū yào	to need; to want; to demand; to require; needs	131
宣布	3	xuān bù	to declare; to announce; to proclaim	1467
宣传	3	xuān chuán	to disseminate; to give publicity to; propaganda	2072
选手	3	xuǎn shǒu	athlete; contestant	1025
学费	3	xué fèi	tuition fee; tuition	6307
血	3	xuè	blood; colloquial pr. [xiě]	726
训练	3	xùn liàn	to train; to drill; training	985
压	3	yā	to press; to push down; to keep under (control)	1672
压力	3	yā lì	pressure	981
烟	3	yān	cigarette or pipe tobacco; smoke; mist	2110
眼前	3	yǎn qián	before one's eyes; now; at present	2549
演	3	yǎn	to develop; to evolve; to practice	1613
演唱	3	yǎn chàng	sung performance; to sing for an audience	3897
演唱会	3	yǎn chàng huì	vocal recital or concert	3862
演出	3	yǎn chū	to act (in a play); to perform; to put on (a performance)	1568
演员	3	yǎn yuán	actor or actress; performer	1643
羊	3	Yáng	surname Yang	2574
阳光	3	yáng guāng	sunshine; (of personality) upbeat; energetic; transparent (open to public scrutiny)	2043
要是	3	yào shi	(coll.) if	1413
一方面	3	yī fāng miàn	on the one hand	7572
一切	3	yī qiè	everything; every; all	350
衣架	3	yī jià	clothes hanger; clothes rack	32226
已	3	yǐ	already; to stop; then	303
以来	3	yǐ lái	since (a previous event)	1117
艺术	3	yì shù	art	1488
意外	3	yì wài	unexpected; accident; mishap	1703
意义	3	yì yì	sense; meaning; significance	807
因此	3	yīn cǐ	thus; consequently; as a result	668
银	3	yín	silver; silver-colored; relating to money or currency	2564
银牌	3	yín pái	silver medal	21103
印象	3	yìn xiàng	impression (sth that stays in one's mind); a memory	2109
应当	3	yīng dāng	should; ought to	3391
应用	3	yìng yòng	to put to use; to apply; practical	5484
迎接	3	yíng jiē	to welcome; to greet	4264
营养	3	yíng yǎng	nutrition; nourishment	4865
赢	3	yíng	to beat; to win; to profit	952
影视	3	yǐng shì	movies and television	12925
优点	3	yōu diǎn	merit; benefit; strong point	5641
优势	3	yōu shì	superiority; dominance; advantage	2080
由	3	yóu	to follow; from; because of; due to	353
由于	3	yóu yú	due to; as a result of; thanks to	982
邮件	3	yóu jiàn	mail; post; email	3970
邮票	3	yóu piào	(postage) stamp	9219
邮箱	3	yóu xiāng	mailbox; post office box; email	8497
游	3	Yóu	surname You	2164
游戏	3	yóu xì	game; to play	603
游泳	3	yóu yǒng	swimming; to swim	3695
有的是	3	yǒu de shì	have plenty of; there's no lack of	14445
有利	3	yǒu lì	advantageous; favorable	4172
有效	3	yǒu xiào	effective; in effect; valid	1379
预报	3	yù bào	forecast	8603
预防	3	yù fáng	to prevent; to take precautions against; to protect	5185
预计	3	yù jì	to forecast; to predict; to estimate	3808
预习	3	yù xí	to prepare a lesson	36044
员	3	yuán	person; employee; member	1874
员工	3	yuán gōng	staff; personnel; employee	1852
愿望	3	yuàn wàng	desire; wish	2889
约	3	yāo	to weigh in a balance or on a scale	797
运输	3	yùn shū	to transport; to carry; transportation	3770
杂志	3	zá zhì	magazine	1627
早已	3	zǎo yǐ	for a long time; long since; (dialect) in the past	4715
造	3	zào	to make; to build; to manufacture	2608
造成	3	zào chéng	to bring about; to create; to cause	910
责任	3	zé rèn	responsibility; blame; duty	935
增加	3	zēng jiā	to raise; to increase	1419
增长	3	zēng zhǎng	to grow; to increase	3521
展开	3	zhǎn kāi	to unfold; to spread out; to open up; to launch; to carry out	3065
张	3	Zhāng	surname Zhang	316
长城	3	Cháng chéng	the Great Wall	9599
长处	3	cháng chù	good aspects; strong points	15374
长期	3	cháng qī	long term; long time; long range (of a forecast)	2911
照	3	zhào	variant of 照; to shine; to illuminate	1165
者	3	zhě	(after a verb or adjective) one who (is) ...; (after a noun) person involved in ...; -er	499
真实	3	zhēn shí	true; real	1299
争	3	zhēng	to strive for; to vie for; to argue or debate	2989
争取	3	zhēng qǔ	to fight for; to strive for; to win over	2213
整	3	zhěng	exactly; in good order; whole	1315
整个	3	zhěng gè	whole; entire; total	572
整理	3	zhěng lǐ	to arrange; to tidy up; to sort out	2737
整齐	3	zhěng qí	orderly; neat; even	8739
整体	3	zhěng tǐ	whole entity; entire body; synthesis	4225
整天	3	zhěng tiān	all day long; whole day	3492
整整	3	zhěng zhěng	whole; full	4509
正式	3	zhèng shì	formal; official	1215
证	3	zhèng	to admonish; variant of 证	1605
证件	3	zhèng jiàn	certificate; papers; credentials; document; ID	5876
证据	3	zhèng jù	evidence; proof; testimony	1826
证明	3	zhèng míng	proof; certificate; identification	838
支	3	Zhī	surname Zhi	915
支持	3	zhī chí	to be in favor of; to support; to back	546
支付	3	zhī fù	to pay (money)	2724
直	3	Zhí	surname Zhi; Zhi (c. 2000 BC), fifth of the legendary Flame Emperors 帝 descended from Shennong 神农 Farmer God	1420
直播	3	zhí bō	(TV, radio) to broadcast live; live broadcast; (Internet) to livestream	3374
直到	3	zhí dào	until	1292
值	3	zhí	value; (to be) worth; to happen to	1322
值得	3	zhí de	to be worth; to deserve	1037
职工	3	zhí gōng	workers; staff	8810
职业	3	zhí yè	occupation; profession; vocation; professional	1317
只好	3	zhǐ hǎo	to have no other option but to ...; to have to; to be forced to	3132
只是	3	zhǐ shì	merely; only; just; nothing but; simply; but; however	236
只有	3	zhǐ yǒu	only have ...; there is only ...; (used in combination with 才) it is only if one ... (that one can ...) (Example: 只有通过治疗才能痊愈 "the only way to cure it is with therapy")	374
指	3	zhǐ	finger; to point at or to; to indicate or refer to	639
指出	3	zhǐ chū	to indicate; to point out	2661
指导	3	zhǐ dǎo	to guide; to give directions; to direct	2171
至今	3	zhì jīn	so far; to this day; until now	3155
至少	3	zhì shǎo	at least; (to say the) least	868
志愿	3	zhì yuàn	aspiration; ambition; to volunteer	8766
志愿者	3	zhì yuàn zhě	volunteer	5709
制定	3	zhì dìng	to draw up; to formulate	3364
制度	3	zhì dù	system (e.g. political, adminstrative etc); institution	3310
制造	3	zhì zào	to manufacture; to make	1600
制作	3	zhì zuò	to make; to manufacture	1835
中部	3	zhōng bù	middle part; central section	6364
中华民族	3	Zhōng huá mín zú	the Chinese nation; the Chinese people (collective reference to all the ethnic groups in China)	6125
终于	3	zhōng yú	at last; in the end; finally	625
钟	3	Zhōng	surname Zhong	1714
种	3	zhǒng	seed; species; kind	179
种子	3	zhǒng zi	seed	5365
重大	3	zhòng dà	great; important; major	1734
周围	3	zhōu wéi	environs; surroundings; periphery	1649
猪	3	zhū	hog; pig; swine	1583
主持	3	zhǔ chí	to take charge of; to manage or direct; to preside over	3176
主动	3	zhǔ dòng	to take the initiative; to do sth of one's own accord; spontaneous	2470
主任	3	zhǔ rèn	director; head	2133
主意	3	zhǔ yi	plan; idea; decision	3584
主张	3	zhǔ zhāng	to advocate; to stand for; view	6498
注意	3	zhù yì	to take note of; to pay attention to	547
祝	3	Zhù	surname Zhu	1197
抓	3	zhuā	to grab; to catch; to arrest	797
抓住	3	zhuā zhù	to grab hold of; to capture	1500
专家	3	zhuān jiā	expert; specialist	1096
专门	3	zhuān mén	specialist; specialized; customized	2288
专题	3	zhuān tí	specific topic (addressed by a book, lecture, TV program etc); article, report or program etc on a specific topic	10707
专业	3	zhuān yè	specialty; specialized field; main field of study (at university)	1146
转	3	zhuǎi	see 转文	508
转变	3	zhuǎn biàn	to change; to transform; shift	3151
状况	3	zhuàng kuàng	condition; state; situation	1372
状态	3	zhuàng tài	condition; state; state of affairs	1158
追	3	duī	to sculpt; to carve; musical instrument (old)	1265
准	3	zhǔn	to allow; to grant; in accordance with	1396
资格	3	zī gé	qualifications; seniority	2290
资金	3	zī jīn	funds; capital	1851
自从	3	zì cóng	since (a time); ever since	2256
自动	3	zì dòng	automatic; voluntarily	2365
自觉	3	zì jué	conscious; aware; on one's own initiative	7977
自然	3	zì rán	nature; natural; naturally	929
自身	3	zì shēn	itself; oneself; one's own	3490
自主	3	zì zhǔ	independent; to act for oneself; autonomous	6858
子女	3	zǐ nǚ	children; sons and daughters	7337
总	3	zǒng	general; overall; to sum up; in every case; always; invariably	335
总结	3	zǒng jié	to sum up; to conclude; summary	4753
总是	3	zǒng shì	always	638
足够	3	zú gòu	enough; sufficient	1692
足球	3	zú qiú	soccer ball; a football; soccer	2550
组合	3	zǔ hé	to assemble; to combine; to compose	2208
左右	3	zuǒ yòu	left and right; nearby; approximately	1351
作品	3	zuò pǐn	work (of art); opus	1381
作者	3	zuò zhě	author; writer	2796
做客	3	zuò kè	to be a guest or visitor	13383
